wavelength_A,flux_pickles,sptype,teff_K
1150.0,0.0,G0I,5508.08
1155.0,0.0,G0I,5508.08
1160.0,0.0,G0I,5508.08
1165.0,0.0,G0I,5508.08
1170.0,0.0,G0I,5508.08
1175.0,0.0,G0I,5508.08
1180.0,0.0,G0I,5508.08
1185.0,0.0,G0I,5508.08
1190.0,0.0,G0I,5508.08
1195.0,0.0,G0I,5508.08
1200.0,0.0,G0I,5508.08
1205.0,0.0,G0I,5508.08
1210.0,0.0,G0I,5508.08
1215.0,0.0,G0I,5508.08
1220.0,0.0,G0I,5508.08
1225.0,0.0,G0I,5508.08
1230.0,0.0,G0I,5508.08
1235.0,0.0,G0I,5508.08
1240.0,0.0,G0I,5508.08
1245.0,0.0,G0I,5508.08
1250.0,0.0,G0I,5508.08
1255.0,0.0,G0I,5508.08
1260.0,0.0,G0I,5508.08
1265.0,0.0,G0I,5508.08
1270.0,0.0,G0I,5508.08
1275.0,0.0,G0I,5508.08
1280.0,0.0,G0I,5508.08
1285.0,0.0,G0I,5508.08
1290.0,0.0,G0I,5508.08
1295.0,0.0,G0I,5508.08
1300.0,0.0,G0I,5508.08
1305.0,0.0,G0I,5508.08
1310.0,0.0,G0I,5508.08
1315.0,0.0,G0I,5508.08
1320.0,0.0,G0I,5508.08
1325.0,0.0,G0I,5508.08
1330.0,0.0,G0I,5508.08
1335.0,0.0,G0I,5508.08
1340.0,0.0,G0I,5508.08
1345.0,0.0,G0I,5508.08
1350.0,0.0,G0I,5508.08
1355.0,0.0,G0I,5508.08
1360.0,0.0,G0I,5508.08
1365.0,0.0,G0I,5508.08
1370.0,0.0,G0I,5508.08
1375.0,0.0,G0I,5508.08
1380.0,0.0,G0I,5508.08
1385.0,0.0,G0I,5508.08
1390.0,0.0,G0I,5508.08
1395.0,0.0,G0I,5508.08
1400.0,0.0,G0I,5508.08
1405.0,0.0,G0I,5508.08
1410.0,0.0,G0I,5508.08
1415.0,0.0,G0I,5508.08
1420.0,0.0,G0I,5508.08
1425.0,0.0,G0I,5508.08
1430.0,0.0,G0I,5508.08
1435.0,0.0,G0I,5508.08
1440.0,0.0,G0I,5508.08
1445.0,0.0,G0I,5508.08
1450.0,0.0,G0I,5508.08
1455.0,0.0,G0I,5508.08
1460.0,0.0,G0I,5508.08
1465.0,0.0,G0I,5508.08
1470.0,0.0,G0I,5508.08
1475.0,0.0,G0I,5508.08
1480.0,0.0,G0I,5508.08
1485.0,0.0,G0I,5508.08
1490.0,0.0,G0I,5508.08
1495.0,0.0,G0I,5508.08
1500.0,0.0,G0I,5508.08
1505.0,0.0,G0I,5508.08
1510.0,0.0,G0I,5508.08
1515.0,0.0,G0I,5508.08
1520.0,0.0,G0I,5508.08
1525.0,0.0,G0I,5508.08
1530.0,0.0,G0I,5508.08
1535.0,0.0,G0I,5508.08
1540.0,0.0,G0I,5508.08
1545.0,0.0,G0I,5508.08
1550.0,0.0,G0I,5508.08
1555.0,0.0,G0I,5508.08
1560.0,0.0,G0I,5508.08
1565.0,0.0,G0I,5508.08
1570.0,0.0,G0I,5508.08
1575.0,0.0,G0I,5508.08
1580.0,0.0,G0I,5508.08
1585.0,0.0,G0I,5508.08
1590.0,0.0,G0I,5508.08
1595.0,0.0,G0I,5508.08
1600.0,4.625376403808205e-16,G0I,5508.08
1605.0,3.6916482579738875e-15,G0I,5508.08
1610.0,7.380413215795321e-15,G0I,5508.08
1615.0,1.1069178173616755e-14,G0I,5508.08
1620.0,1.429543264905124e-14,G0I,5508.08
1625.0,1.521762113564952e-14,G0I,5508.08
1630.0,1.7984203536103305e-14,G0I,5508.08
1635.0,1.7981381222323053e-14,G0I,5508.08
1640.0,1.428978463335895e-14,G0I,5508.08
1645.0,7.37194542742162e-15,G0I,5508.08
1650.0,9.194005835315108e-16,G0I,5508.08
1655.0,0.0,G0I,5508.08
1660.0,0.0,G0I,5508.08
1665.0,0.0,G0I,5508.08
1670.0,0.0,G0I,5508.08
1675.0,0.0,G0I,5508.08
1680.0,0.0,G0I,5508.08
1685.0,0.0,G0I,5508.08
1690.0,0.0,G0I,5508.08
1695.0,0.0,G0I,5508.08
1700.0,5.5494375743737456e-15,G0I,5508.08
1705.0,4.52226858662242e-14,G0I,5508.08
1710.0,9.594601046818141e-14,G0I,5508.08
1715.0,1.4666378192213642e-13,G0I,5508.08
1720.0,1.9092365221348023e-13,G0I,5508.08
1725.0,2.2595605399765295e-13,G0I,5508.08
1730.0,2.406951320112899e-13,G0I,5508.08
1735.0,2.3191453098203585e-13,G0I,5508.08
1740.0,1.90851905134716e-13,G0I,5508.08
1745.0,1.1289877859628136e-13,G0I,5508.08
1750.0,1.4712941965016463e-14,G0I,5508.08
1755.0,0.0,G0I,5508.08
1760.0,0.0,G0I,5508.08
1765.0,0.0,G0I,5508.08
1770.0,0.0,G0I,5508.08
1775.0,0.0,G0I,5508.08
1780.0,0.0,G0I,5508.08
1785.0,0.0,G0I,5508.08
1790.0,0.0,G0I,5508.08
1795.0,0.0,G0I,5508.08
1800.0,7.814183870281932e-14,G0I,5508.08
1805.0,6.44179371303566e-13,G0I,5508.08
1810.0,1.428150566556985e-12,G0I,5508.08
1815.0,2.35781077821684e-12,G0I,5508.08
1820.0,3.4068789456220827e-12,G0I,5508.08
1825.0,4.5555299983679465e-12,G0I,5508.08
1830.0,5.7848660757475745e-12,G0I,5508.08
1835.0,7.07319749645996e-12,G0I,5508.08
1840.0,8.398407837229005e-12,G0I,5508.08
1845.0,9.738822595584118e-12,G0I,5508.08
1850.0,1.1075070548149935e-11,G0I,5508.08
1855.0,1.2387781772593698e-11,G0I,5508.08
1860.0,1.3670529985798652e-11,G0I,5508.08
1865.0,1.4916394508457387e-11,G0I,5508.08
1870.0,1.611890482200451e-11,G0I,5508.08
1875.0,1.7275760683110875e-11,G0I,5508.08
1880.0,1.837819653405237e-11,G0I,5508.08
1885.0,1.9421613622894185e-11,G0I,5508.08
1890.0,2.040139585046674e-11,G0I,5508.08
1895.0,2.1309246034384444e-11,G0I,5508.08
1900.0,2.2146080108642607e-11,G0I,5508.08
1905.0,2.2914241684657277e-11,G0I,5508.08
1910.0,2.3646003557975526e-11,G0I,5508.08
1915.0,2.438191488984831e-11,G0I,5508.08
1920.0,2.5165832959195278e-11,G0I,5508.08
1925.0,2.6041523104591846e-11,G0I,5508.08
1930.0,2.7050512871329424e-11,G0I,5508.08
1935.0,2.823610269209187e-11,G0I,5508.08
1940.0,2.963984266357578e-11,G0I,5508.08
1945.0,3.1305482511845284e-11,G0I,5508.08
1950.0,3.327412650966366e-11,G0I,5508.08
1955.0,3.555861161075313e-11,G0I,5508.08
1960.0,3.811226334526907e-11,G0I,5508.08
1965.0,4.085820917709704e-11,G0I,5508.08
1970.0,4.371894166133039e-11,G0I,5508.08
1975.0,4.6619687277260624e-11,G0I,5508.08
1980.0,4.94834798137056e-11,G0I,5508.08
1985.0,5.2233363467824034e-11,G0I,5508.08
1990.0,5.479372511274505e-11,G0I,5508.08
1995.0,5.708285580330319e-11,G0I,5508.08
2000.0,5.903168925902591e-11,G0I,5508.08
2005.0,6.060514590178201e-11,G0I,5508.08
2010.0,6.186977319355691e-11,G0I,5508.08
2015.0,6.29338733904028e-11,G0I,5508.08
2020.0,6.390350054674698e-11,G0I,5508.08
2025.0,6.48912937273316e-11,G0I,5508.08
2030.0,6.600771318421295e-11,G0I,5508.08
2035.0,6.736023544506864e-11,G0I,5508.08
2040.0,6.905737787166188e-11,G0I,5508.08
2045.0,7.121375017460352e-11,G0I,5508.08
2050.0,7.393053530480032e-11,G0I,5508.08
2055.0,7.726036477251341e-11,G0I,5508.08
2060.0,8.112047839015091e-11,G0I,5508.08
2065.0,8.537751755577361e-11,G0I,5508.08
2070.0,8.988622346439712e-11,G0I,5508.08
2075.0,9.450602800331609e-11,G0I,5508.08
2080.0,9.909893738946352e-11,G0I,5508.08
2085.0,1.0352305124250449e-10,G0I,5508.08
2090.0,1.0763936963975596e-10,G0I,5508.08
2095.0,1.1130345256571417e-10,G0I,5508.08
2100.0,1.1438135855135201e-10,G0I,5508.08
2105.0,1.16786469384067e-10,G0I,5508.08
2110.0,1.185650189139409e-10,G0I,5508.08
2115.0,1.1980916259091146e-10,G0I,5508.08
2120.0,1.2061830700904608e-10,G0I,5508.08
2125.0,1.2109174774010967e-10,G0I,5508.08
2130.0,1.2132850280011098e-10,G0I,5508.08
2135.0,1.21426202426278e-10,G0I,5508.08
2140.0,1.2148620998075899e-10,G0I,5508.08
2145.0,1.216057671227233e-10,G0I,5508.08
2150.0,1.2188026976556188e-10,G0I,5508.08
2155.0,1.2236854585179202e-10,G0I,5508.08
2160.0,1.2303348617681564e-10,G0I,5508.08
2165.0,1.2379905434123373e-10,G0I,5508.08
2170.0,1.2458978293494738e-10,G0I,5508.08
2175.0,1.2532830329092803e-10,G0I,5508.08
2180.0,1.2593466547361487e-10,G0I,5508.08
2185.0,1.2633044610410593e-10,G0I,5508.08
2190.0,1.2643831814873607e-10,G0I,5508.08
2195.0,1.2617847044982256e-10,G0I,5508.08
2200.0,1.2548198591311177e-10,G0I,5508.08
2205.0,1.2431315699057421e-10,G0I,5508.08
2210.0,1.2275322425203683e-10,G0I,5508.08
2215.0,1.2092012113829043e-10,G0I,5508.08
2220.0,1.1893697138276593e-10,G0I,5508.08
2225.0,1.1693036816584623e-10,G0I,5508.08
2230.0,1.1502107599703493e-10,G0I,5508.08
2235.0,1.1333591010131983e-10,G0I,5508.08
2240.0,1.1199801502881357e-10,G0I,5508.08
2245.0,1.1113233944204381e-10,G0I,5508.08
2250.0,1.1085835027735413e-10,G0I,5508.08
2255.0,1.1123915677480056e-10,G0I,5508.08
2260.0,1.1220438467240967e-10,G0I,5508.08
2265.0,1.1362993185271009e-10,G0I,5508.08
2270.0,1.1538141275746483e-10,G0I,5508.08
2275.0,1.1733092275534318e-10,G0I,5508.08
2280.0,1.1934737920160643e-10,G0I,5508.08
2285.0,1.2130044191316358e-10,G0I,5508.08
2290.0,1.2305848007265752e-10,G0I,5508.08
2295.0,1.2449165309735832e-10,G0I,5508.08
2300.0,1.254754772306299e-10,G0I,5508.08
2305.0,1.2592753229068165e-10,G0I,5508.08
2310.0,1.258841225704188e-10,G0I,5508.08
2315.0,1.2543327487790634e-10,G0I,5508.08
2320.0,1.2466166987579186e-10,G0I,5508.08
2325.0,1.2365458657015438e-10,G0I,5508.08
2330.0,1.2250041259154187e-10,G0I,5508.08
2335.0,1.2128992255000526e-10,G0I,5508.08
2340.0,1.2011019956403857e-10,G0I,5508.08
2345.0,1.1905064434269974e-10,G0I,5508.08
2350.0,1.1819355216768912e-10,G0I,5508.08
2355.0,1.1760893647849713e-10,G0I,5508.08
2360.0,1.173178082458648e-10,G0I,5508.08
2365.0,1.173217079042388e-10,G0I,5508.08
2370.0,1.1762049667574104e-10,G0I,5508.08
2375.0,1.182141190492203e-10,G0I,5508.08
2380.0,1.1910000763393214e-10,G0I,5508.08
2385.0,1.2028013307574525e-10,G0I,5508.08
2390.0,1.2175266350666902e-10,G0I,5508.08
2395.0,1.2351972222823804e-10,G0I,5508.08
2400.0,1.2557999085061056e-10,G0I,5508.08
2405.0,1.27916108261239e-10,G0I,5508.08
2410.0,1.3047932179155453e-10,G0I,5508.08
2415.0,1.3320747282996592e-10,G0I,5508.08
2420.0,1.3602929893608007e-10,G0I,5508.08
2425.0,1.3888354355451327e-10,G0I,5508.08
2430.0,1.4170491169362975e-10,G0I,5508.08
2435.0,1.44428885517911e-10,G0I,5508.08
2440.0,1.4698556261016904e-10,G0I,5508.08
2445.0,1.4931514358274e-10,G0I,5508.08
2450.0,1.5134904440827768e-10,G0I,5508.08
2455.0,1.530490040257959e-10,G0I,5508.08
2460.0,1.544325917146594e-10,G0I,5508.08
2465.0,1.5553408561075344e-10,G0I,5508.08
2470.0,1.563976448348825e-10,G0I,5508.08
2475.0,1.570597124578299e-10,G0I,5508.08
2480.0,1.5756254634347044e-10,G0I,5508.08
2485.0,1.579471137214128e-10,G0I,5508.08
2490.0,1.582509817632527e-10,G0I,5508.08
2495.0,1.5851456258708652e-10,G0I,5508.08
2500.0,1.587802112013037e-10,G0I,5508.08
2505.0,1.590753778701881e-10,G0I,5508.08
2510.0,1.5940343489617703e-10,G0I,5508.08
2515.0,1.597603160874428e-10,G0I,5508.08
2520.0,1.601385968275082e-10,G0I,5508.08
2525.0,1.6052921492093475e-10,G0I,5508.08
2530.0,1.609272853864141e-10,G0I,5508.08
2535.0,1.6132815916503063e-10,G0I,5508.08
2540.0,1.6172196914965298e-10,G0I,5508.08
2545.0,1.6210439934827292e-10,G0I,5508.08
2550.0,1.624673728883863e-10,G0I,5508.08
2555.0,1.62825197769223e-10,G0I,5508.08
2560.0,1.6323327411971178e-10,G0I,5508.08
2565.0,1.6376623668268309e-10,G0I,5508.08
2570.0,1.6449892836778446e-10,G0I,5508.08
2575.0,1.655082737528346e-10,G0I,5508.08
2580.0,1.6686811654675893e-10,G0I,5508.08
2585.0,1.686553674495883e-10,G0I,5508.08
2590.0,1.7094511917115085e-10,G0I,5508.08
2595.0,1.7381292238827228e-10,G0I,5508.08
2600.0,1.7732733337272322e-10,G0I,5508.08
2605.0,1.8152225556011814e-10,G0I,5508.08
2610.0,1.8632485832004164e-10,G0I,5508.08
2615.0,1.9161908171305697e-10,G0I,5508.08
2620.0,1.9728887967751518e-10,G0I,5508.08
2625.0,2.0321606897244493e-10,G0I,5508.08
2630.0,2.092807455111867e-10,G0I,5508.08
2635.0,2.1536707139890865e-10,G0I,5508.08
2640.0,2.2135451804849993e-10,G0I,5508.08
2645.0,2.2713003700047807e-10,G0I,5508.08
2650.0,2.3257296088985413e-10,G0I,5508.08
2655.0,2.375825369771434e-10,G0I,5508.08
2660.0,2.4209842464095743e-10,G0I,5508.08
2665.0,2.4606866544374384e-10,G0I,5508.08
2670.0,2.4944576959562426e-10,G0I,5508.08
2675.0,2.521864661542139e-10,G0I,5508.08
2680.0,2.542396015936532e-10,G0I,5508.08
2685.0,2.555610445487133e-10,G0I,5508.08
2690.0,2.5610435994138925e-10,G0I,5508.08
2695.0,2.558213640924123e-10,G0I,5508.08
2700.0,2.5466873054824646e-10,G0I,5508.08
2705.0,2.526458764418038e-10,G0I,5508.08
2710.0,2.4985455371329124e-10,G0I,5508.08
2715.0,2.464463355611457e-10,G0I,5508.08
2720.0,2.425727119170773e-10,G0I,5508.08
2725.0,2.3837917750846316e-10,G0I,5508.08
2730.0,2.3401897086827717e-10,G0I,5508.08
2735.0,2.2964180557139002e-10,G0I,5508.08
2740.0,2.2540237731849544e-10,G0I,5508.08
2745.0,2.2144600042572904e-10,G0I,5508.08
2750.0,2.179244562583449e-10,G0I,5508.08
2755.0,2.1495698276918773e-10,G0I,5508.08
2760.0,2.125948028730562e-10,G0I,5508.08
2765.0,2.1085783119545454e-10,G0I,5508.08
2770.0,2.0977111714337582e-10,G0I,5508.08
2775.0,2.093500095501355e-10,G0I,5508.08
2780.0,2.0961506141947694e-10,G0I,5508.08
2785.0,2.1058831067843897e-10,G0I,5508.08
2790.0,2.122909209534285e-10,G0I,5508.08
2795.0,2.1473961497875393e-10,G0I,5508.08
2800.0,2.1795480698028058e-10,G0I,5508.08
2805.0,2.219463779429276e-10,G0I,5508.08
2810.0,2.26690929916451e-10,G0I,5508.08
2815.0,2.3216130407011093e-10,G0I,5508.08
2820.0,2.383249153581346e-10,G0I,5508.08
2825.0,2.451491787347493e-10,G0I,5508.08
2830.0,2.5260085689815526e-10,G0I,5508.08
2835.0,2.606531379623078e-10,G0I,5508.08
2840.0,2.692702172346628e-10,G0I,5508.08
2845.0,2.78422146449131e-10,G0I,5508.08
2850.0,2.8807345398007556e-10,G0I,5508.08
2855.0,2.9817004421062165e-10,G0I,5508.08
2860.0,3.085986188811063e-10,G0I,5508.08
2865.0,3.1922364751579835e-10,G0I,5508.08
2870.0,3.2990790654885416e-10,G0I,5508.08
2875.0,3.4051467201479113e-10,G0I,5508.08
2880.0,3.5090749750388284e-10,G0I,5508.08
2885.0,3.6094921496143684e-10,G0I,5508.08
2890.0,3.7050368328905847e-10,G0I,5508.08
2895.0,3.7943204134194275e-10,G0I,5508.08
2900.0,3.8760475384869153e-10,G0I,5508.08
2905.0,3.949466309549621e-10,G0I,5508.08
2910.0,4.015328070039459e-10,G0I,5508.08
2915.0,4.0749212337765073e-10,G0I,5508.08
2920.0,4.129607766856225e-10,G0I,5508.08
2925.0,4.1807893258472006e-10,G0I,5508.08
2930.0,4.229805394828645e-10,G0I,5508.08
2935.0,4.2780110010021133e-10,G0I,5508.08
2940.0,4.326825009393076e-10,G0I,5508.08
2945.0,4.3775372216003916e-10,G0I,5508.08
2950.0,4.4315226488400583e-10,G0I,5508.08
2955.0,4.489645599736747e-10,G0I,5508.08
2960.0,4.5516318492033747e-10,G0I,5508.08
2965.0,4.6167253353601723e-10,G0I,5508.08
2970.0,4.684194143678155e-10,G0I,5508.08
2975.0,4.753232807352958e-10,G0I,5508.08
2980.0,4.823071386717004e-10,G0I,5508.08
2985.0,4.892986571469748e-10,G0I,5508.08
2990.0,4.962166788580191e-10,G0I,5508.08
2995.0,5.029836547265631e-10,G0I,5508.08
3000.0,5.09528308434426e-10,G0I,5508.08
3005.0,5.158040106145734e-10,G0I,5508.08
3010.0,5.218377951976549e-10,G0I,5508.08
3015.0,5.276887260485807e-10,G0I,5508.08
3020.0,5.33421418147384e-10,G0I,5508.08
3025.0,5.39091160600691e-10,G0I,5508.08
3030.0,5.447642337230718e-10,G0I,5508.08
3035.0,5.504977584891435e-10,G0I,5508.08
3040.0,5.563556837451245e-10,G0I,5508.08
3045.0,5.623943533095144e-10,G0I,5508.08
3050.0,5.68676827850112e-10,G0I,5508.08
3055.0,5.752290865856935e-10,G0I,5508.08
3060.0,5.820078308182985e-10,G0I,5508.08
3065.0,5.88935733514262e-10,G0I,5508.08
3070.0,5.959351345730113e-10,G0I,5508.08
3075.0,6.029262089590759e-10,G0I,5508.08
3080.0,6.098324623060591e-10,G0I,5508.08
3085.0,6.165744581565491e-10,G0I,5508.08
3090.0,6.230785332128619e-10,G0I,5508.08
3095.0,6.29261753815058e-10,G0I,5508.08
3100.0,6.350476255967408e-10,G0I,5508.08
3105.0,6.403755303807657e-10,G0I,5508.08
3110.0,6.452170464577023e-10,G0I,5508.08
3115.0,6.495519677685024e-10,G0I,5508.08
3120.0,6.53368026348744e-10,G0I,5508.08
3125.0,6.566525656559463e-10,G0I,5508.08
3130.0,6.593874335436567e-10,G0I,5508.08
3135.0,6.615620828931412e-10,G0I,5508.08
3140.0,6.631611926266601e-10,G0I,5508.08
3145.0,6.641656113970384e-10,G0I,5508.08
3150.0,6.64571175867934e-10,G0I,5508.08
3155.0,6.64417298956721e-10,G0I,5508.08
3160.0,6.63872901096596e-10,G0I,5508.08
3165.0,6.63156862756864e-10,G0I,5508.08
3170.0,6.62497945391749e-10,G0I,5508.08
3175.0,6.621133641360188e-10,G0I,5508.08
3180.0,6.622337123118882e-10,G0I,5508.08
3185.0,6.630804794127698e-10,G0I,5508.08
3190.0,6.648797623576286e-10,G0I,5508.08
3195.0,6.842160726883151e-10,G0I,5508.08
3200.0,7.903004917153567e-10,G0I,5508.08
3205.0,8.363900683150405e-10,G0I,5508.08
3210.0,8.552343278012131e-10,G0I,5508.08
3215.0,8.487782143795641e-10,G0I,5508.08
3220.0,8.200956580495244e-10,G0I,5508.08
3225.0,7.844830340886233e-10,G0I,5508.08
3230.0,7.743008456628786e-10,G0I,5508.08
3235.0,8.061434297879089e-10,G0I,5508.08
3240.0,8.401570550375936e-10,G0I,5508.08
3245.0,8.394233086406189e-10,G0I,5508.08
3250.0,8.301788700926238e-10,G0I,5508.08
3255.0,8.458322375837213e-10,G0I,5508.08
3260.0,8.742760959634666e-10,G0I,5508.08
3265.0,8.899705972176264e-10,G0I,5508.08
3270.0,8.804544315843543e-10,G0I,5508.08
3275.0,8.514481897314852e-10,G0I,5508.08
3280.0,8.405012241752274e-10,G0I,5508.08
3285.0,8.747916835361025e-10,G0I,5508.08
3290.0,9.238204645711789e-10,G0I,5508.08
3295.0,9.55603929320148e-10,G0I,5508.08
3300.0,9.927718647162465e-10,G0I,5508.08
3305.0,9.811457202246743e-10,G0I,5508.08
3310.0,9.472962414491803e-10,G0I,5508.08
3315.0,9.067566142384464e-10,G0I,5508.08
3320.0,9.058604977241203e-10,G0I,5508.08
3325.0,9.641137888038998e-10,G0I,5508.08
3330.0,9.96773441563903e-10,G0I,5508.08
3335.0,9.39050281978382e-10,G0I,5508.08
3340.0,8.794122652311387e-10,G0I,5508.08
3345.0,9.061090211481826e-10,G0I,5508.08
3350.0,9.538717593571278e-10,G0I,5508.08
3355.0,9.3879681806186e-10,G0I,5508.08
3360.0,8.850063459853175e-10,G0I,5508.08
3365.0,8.48008607778894e-10,G0I,5508.08
3370.0,8.525262717995474e-10,G0I,5508.08
3375.0,8.975693521762196e-10,G0I,5508.08
3380.0,9.496690100974092e-10,G0I,5508.08
3385.0,9.795442235116525e-10,G0I,5508.08
3390.0,9.99269889057075e-10,G0I,5508.08
3395.0,1.0261057559191045e-09,G0I,5508.08
3400.0,1.0495224689321958e-09,G0I,5508.08
3405.0,1.0543296236065203e-09,G0I,5508.08
3410.0,1.0429134222889047e-09,G0I,5508.08
3415.0,1.0315690524009824e-09,G0I,5508.08
3420.0,1.0520003757008567e-09,G0I,5508.08
3425.0,1.1088847617912734e-09,G0I,5508.08
3430.0,1.1257361709482439e-09,G0I,5508.08
3435.0,1.056655762887715e-09,G0I,5508.08
3440.0,1.0113474502304598e-09,G0I,5508.08
3445.0,1.0774524605849933e-09,G0I,5508.08
3450.0,1.1333964877735525e-09,G0I,5508.08
3455.0,1.0630020197410772e-09,G0I,5508.08
3460.0,9.725875660393513e-10,G0I,5508.08
3465.0,9.855519733648066e-10,G0I,5508.08
3470.0,1.0446360443339131e-09,G0I,5508.08
3475.0,1.0595957444792248e-09,G0I,5508.08
3480.0,1.0394685112657953e-09,G0I,5508.08
3485.0,1.022286144625184e-09,G0I,5508.08
3490.0,1.0176934850392172e-09,G0I,5508.08
3495.0,1.0230692959467547e-09,G0I,5508.08
3500.0,1.0355907242853846e-09,G0I,5508.08
3505.0,1.0573211195463728e-09,G0I,5508.08
3510.0,1.0965489627423608e-09,G0I,5508.08
3515.0,1.1246230613437547e-09,G0I,5508.08
3520.0,1.107773761610531e-09,G0I,5508.08
3525.0,1.096361779140409e-09,G0I,5508.08
3530.0,1.1340188788011574e-09,G0I,5508.08
3535.0,1.2076736277677469e-09,G0I,5508.08
3540.0,1.2757960243803268e-09,G0I,5508.08
3545.0,1.2633005752604731e-09,G0I,5508.08
3550.0,1.2500299684248262e-09,G0I,5508.08
3555.0,1.2321422770966706e-09,G0I,5508.08
3560.0,1.1996624804666567e-09,G0I,5508.08
3565.0,1.1622416362655485e-09,G0I,5508.08
3570.0,1.1562698576383923e-09,G0I,5508.08
3575.0,1.1286995782455733e-09,G0I,5508.08
3580.0,1.0794141136472035e-09,G0I,5508.08
3585.0,1.0347712686709087e-09,G0I,5508.08
3590.0,1.1170732117093962e-09,G0I,5508.08
3595.0,1.229599644325674e-09,G0I,5508.08
3600.0,1.2346856870237843e-09,G0I,5508.08
3605.0,1.162649088115586e-09,G0I,5508.08
3610.0,1.117191006372309e-09,G0I,5508.08
3615.0,1.1585268300251528e-09,G0I,5508.08
3620.0,1.251712844485553e-09,G0I,5508.08
3625.0,1.303247287864906e-09,G0I,5508.08
3630.0,1.253568360226609e-09,G0I,5508.08
3635.0,1.275213490359306e-09,G0I,5508.08
3640.0,1.3300601731103256e-09,G0I,5508.08
3645.0,1.3221579386879512e-09,G0I,5508.08
3650.0,1.3339715998483825e-09,G0I,5508.08
3655.0,1.398588356238406e-09,G0I,5508.08
3660.0,1.4462184783070597e-09,G0I,5508.08
3665.0,1.4750239918370767e-09,G0I,5508.08
3670.0,1.5097008088105213e-09,G0I,5508.08
3675.0,1.503835611593729e-09,G0I,5508.08
3680.0,1.4778100965173735e-09,G0I,5508.08
3685.0,1.5050629631474521e-09,G0I,5508.08
3690.0,1.6090841992166816e-09,G0I,5508.08
3695.0,1.6918122458520202e-09,G0I,5508.08
3700.0,1.6706928063214832e-09,G0I,5508.08
3705.0,1.563112528302213e-09,G0I,5508.08
3710.0,1.5843105716228933e-09,G0I,5508.08
3715.0,1.685591555222743e-09,G0I,5508.08
3720.0,1.683033934440914e-09,G0I,5508.08
3725.0,1.6472455621752147e-09,G0I,5508.08
3730.0,1.5931000962865483e-09,G0I,5508.08
3735.0,1.5581020917920796e-09,G0I,5508.08
3740.0,1.5915184725656673e-09,G0I,5508.08
3745.0,1.5129650865475242e-09,G0I,5508.08
3750.0,1.516984537985877e-09,G0I,5508.08
3755.0,1.6096776134233437e-09,G0I,5508.08
3760.0,1.6067247532447482e-09,G0I,5508.08
3765.0,1.646856317982781e-09,G0I,5508.08
3770.0,1.7433379184694786e-09,G0I,5508.08
3775.0,1.9199781764456247e-09,G0I,5508.08
3780.0,2.0438426506785845e-09,G0I,5508.08
3785.0,1.944208571913464e-09,G0I,5508.08
3790.0,1.7507152394458103e-09,G0I,5508.08
3795.0,1.6992774964919022e-09,G0I,5508.08
3800.0,1.8465003970291605e-09,G0I,5508.08
3805.0,2.0164778735676236e-09,G0I,5508.08
3810.0,2.04164951611574e-09,G0I,5508.08
3815.0,1.9169634768445576e-09,G0I,5508.08
3820.0,1.7391110773701257e-09,G0I,5508.08
3825.0,1.5291825583574337e-09,G0I,5508.08
3830.0,1.3983091351477128e-09,G0I,5508.08
3835.0,1.3863680203840545e-09,G0I,5508.08
3840.0,1.5170106282269558e-09,G0I,5508.08
3845.0,1.6627486054687779e-09,G0I,5508.08
3850.0,1.7381647232639352e-09,G0I,5508.08
3855.0,1.7660350959403104e-09,G0I,5508.08
3860.0,1.8023211811879492e-09,G0I,5508.08
3865.0,1.8576554738913842e-09,G0I,5508.08
3870.0,1.844254970961856e-09,G0I,5508.08
3875.0,1.8128804013528566e-09,G0I,5508.08
3880.0,1.7325144652247104e-09,G0I,5508.08
3885.0,1.6584766893146252e-09,G0I,5508.08
3890.0,1.6726470208894284e-09,G0I,5508.08
3895.0,1.7793294615486843e-09,G0I,5508.08
3900.0,1.883371902877684e-09,G0I,5508.08
3905.0,1.929417292600988e-09,G0I,5508.08
3910.0,1.9218768798623387e-09,G0I,5508.08
3915.0,1.7977281885350749e-09,G0I,5508.08
3920.0,1.5559559196631767e-09,G0I,5508.08
3925.0,1.1883153350211728e-09,G0I,5508.08
3930.0,8.552953345564163e-10,G0I,5508.08
3935.0,8.574403409511433e-10,G0I,5508.08
3940.0,1.1609865291362098e-09,G0I,5508.08
3945.0,1.4757201016735166e-09,G0I,5508.08
3950.0,1.6676690028916141e-09,G0I,5508.08
3955.0,1.6793578749840776e-09,G0I,5508.08
3960.0,1.4156964489586699e-09,G0I,5508.08
3965.0,1.0176107734238826e-09,G0I,5508.08
3970.0,9.742406881230181e-10,G0I,5508.08
3975.0,1.4309972096171464e-09,G0I,5508.08
3980.0,1.955134498743405e-09,G0I,5508.08
3985.0,2.2391639653562834e-09,G0I,5508.08
3990.0,2.311918878561414e-09,G0I,5508.08
3995.0,2.3147375127763326e-09,G0I,5508.08
4000.0,2.3658119907565833e-09,G0I,5508.08
4005.0,2.4650630425782083e-09,G0I,5508.08
4010.0,2.6263409225180112e-09,G0I,5508.08
4015.0,2.7594626583749005e-09,G0I,5508.08
4020.0,2.7676674285714853e-09,G0I,5508.08
4025.0,2.671192600445238e-09,G0I,5508.08
4030.0,2.5759232524791287e-09,G0I,5508.08
4035.0,2.6453572665730007e-09,G0I,5508.08
4040.0,2.7188908902076037e-09,G0I,5508.08
4045.0,2.688960609731339e-09,G0I,5508.08
4050.0,2.6533106822768104e-09,G0I,5508.08
4055.0,2.6581437051476087e-09,G0I,5508.08
4060.0,2.6959616761246252e-09,G0I,5508.08
4065.0,2.683629540811694e-09,G0I,5508.08
4070.0,2.60072496871544e-09,G0I,5508.08
4075.0,2.4715487434434635e-09,G0I,5508.08
4080.0,2.5465005659697226e-09,G0I,5508.08
4085.0,2.810789156981741e-09,G0I,5508.08
4090.0,2.9790818700803356e-09,G0I,5508.08
4095.0,2.814003696727241e-09,G0I,5508.08
4100.0,2.6028001975930692e-09,G0I,5508.08
4105.0,2.6728670388109776e-09,G0I,5508.08
4110.0,2.8307338695299222e-09,G0I,5508.08
4115.0,2.8692752618297845e-09,G0I,5508.08
4120.0,2.720788261356688e-09,G0I,5508.08
4125.0,2.5717734608576848e-09,G0I,5508.08
4130.0,2.5713426943241302e-09,G0I,5508.08
4135.0,2.7913562572479123e-09,G0I,5508.08
4140.0,2.926837439076735e-09,G0I,5508.08
4145.0,2.8953281994148483e-09,G0I,5508.08
4150.0,2.820353506294282e-09,G0I,5508.08
4155.0,2.839626089823355e-09,G0I,5508.08
4160.0,2.9438158577477225e-09,G0I,5508.08
4165.0,2.922501129987154e-09,G0I,5508.08
4170.0,2.6983517642520383e-09,G0I,5508.08
4175.0,2.5182715912563935e-09,G0I,5508.08
4180.0,2.561447942639461e-09,G0I,5508.08
4185.0,2.7292319515481722e-09,G0I,5508.08
4190.0,2.85040746561549e-09,G0I,5508.08
4195.0,2.7888416020971363e-09,G0I,5508.08
4200.0,2.707466029150396e-09,G0I,5508.08
4205.0,2.776020302519555e-09,G0I,5508.08
4210.0,2.929902320758515e-09,G0I,5508.08
4215.0,3.006785709303017e-09,G0I,5508.08
4220.0,2.962627476676971e-09,G0I,5508.08
4225.0,2.8482853853262213e-09,G0I,5508.08
4230.0,2.872558413358206e-09,G0I,5508.08
4235.0,2.9059634698569425e-09,G0I,5508.08
4240.0,2.973224777491623e-09,G0I,5508.08
4245.0,2.9434392700977696e-09,G0I,5508.08
4250.0,2.9191711270470933e-09,G0I,5508.08
4255.0,3.0031350739534446e-09,G0I,5508.08
4260.0,3.096168432747959e-09,G0I,5508.08
4265.0,3.108180823829798e-09,G0I,5508.08
4270.0,3.014454241778708e-09,G0I,5508.08
4275.0,3.0503741754728253e-09,G0I,5508.08
4280.0,3.055182329347872e-09,G0I,5508.08
4285.0,2.9015410074606507e-09,G0I,5508.08
4290.0,2.7124877899353805e-09,G0I,5508.08
4295.0,2.5417599136545732e-09,G0I,5508.08
4300.0,2.3858712783209057e-09,G0I,5508.08
4305.0,2.440818880344864e-09,G0I,5508.08
4310.0,2.658465447780145e-09,G0I,5508.08
4315.0,2.936797915964462e-09,G0I,5508.08
4320.0,3.1357341168103403e-09,G0I,5508.08
4325.0,3.2070719413468396e-09,G0I,5508.08
4330.0,3.162971884407284e-09,G0I,5508.08
4335.0,2.8653517336607592e-09,G0I,5508.08
4340.0,2.6222888305227343e-09,G0I,5508.08
4345.0,2.8457531886516563e-09,G0I,5508.08
4350.0,3.1524676202820956e-09,G0I,5508.08
4355.0,3.4116904856773544e-09,G0I,5508.08
4360.0,3.556839045515403e-09,G0I,5508.08
4365.0,3.5152956101569544e-09,G0I,5508.08
4370.0,3.3471188043421307e-09,G0I,5508.08
4375.0,3.293760375555621e-09,G0I,5508.08
4380.0,3.2257199134022585e-09,G0I,5508.08
4385.0,3.0754245816666526e-09,G0I,5508.08
4390.0,3.0508207071733295e-09,G0I,5508.08
4395.0,3.0467124378930066e-09,G0I,5508.08
4400.0,3.066048748223693e-09,G0I,5508.08
4405.0,3.107562207560477e-09,G0I,5508.08
4410.0,3.114803304171687e-09,G0I,5508.08
4415.0,3.0511015935985597e-09,G0I,5508.08
4420.0,3.0652160809552242e-09,G0I,5508.08
4425.0,3.142701432423678e-09,G0I,5508.08
4430.0,3.2114435555286036e-09,G0I,5508.08
4435.0,3.2725966381264016e-09,G0I,5508.08
4440.0,3.262974779261185e-09,G0I,5508.08
4445.0,3.236467094325235e-09,G0I,5508.08
4450.0,3.2257221338483077e-09,G0I,5508.08
4455.0,3.1481057760629483e-09,G0I,5508.08
4460.0,3.1043347892278916e-09,G0I,5508.08
4465.0,3.1512921161436225e-09,G0I,5508.08
4470.0,3.326352304711122e-09,G0I,5508.08
4475.0,3.588679131638628e-09,G0I,5508.08
4480.0,3.6320562113445476e-09,G0I,5508.08
4485.0,3.526640757200994e-09,G0I,5508.08
4490.0,3.429293737866601e-09,G0I,5508.08
4495.0,3.5343878934668282e-09,G0I,5508.08
4500.0,3.770840084627025e-09,G0I,5508.08
4505.0,3.918245727874137e-09,G0I,5508.08
4510.0,3.851460927961625e-09,G0I,5508.08
4515.0,3.6580525275553555e-09,G0I,5508.08
4520.0,3.4475609034245736e-09,G0I,5508.08
4525.0,3.262445646967649e-09,G0I,5508.08
4530.0,3.2605569355581565e-09,G0I,5508.08
4535.0,3.4283031968840305e-09,G0I,5508.08
4540.0,3.504249335151144e-09,G0I,5508.08
4545.0,3.3898590601211254e-09,G0I,5508.08
4550.0,3.2572067265590476e-09,G0I,5508.08
4555.0,3.313127772130997e-09,G0I,5508.08
4560.0,3.465685516346184e-09,G0I,5508.08
4565.0,3.5971334799711485e-09,G0I,5508.08
4570.0,3.670295178892502e-09,G0I,5508.08
4575.0,3.588089603212552e-09,G0I,5508.08
4580.0,3.408332949206283e-09,G0I,5508.08
4585.0,3.3954887790343946e-09,G0I,5508.08
4590.0,3.477577559252154e-09,G0I,5508.08
4595.0,3.5841043466433575e-09,G0I,5508.08
4600.0,3.6823337712377224e-09,G0I,5508.08
4605.0,3.8135454794030466e-09,G0I,5508.08
4610.0,3.873169340806726e-09,G0I,5508.08
4615.0,3.79804454553323e-09,G0I,5508.08
4620.0,3.772481438346631e-09,G0I,5508.08
4625.0,3.737886444810101e-09,G0I,5508.08
4630.0,3.7145224673906796e-09,G0I,5508.08
4635.0,3.773013457220031e-09,G0I,5508.08
4640.0,3.839874196387427e-09,G0I,5508.08
4645.0,3.777703039276048e-09,G0I,5508.08
4650.0,3.731151387853515e-09,G0I,5508.08
4655.0,3.730090902820393e-09,G0I,5508.08
4660.0,3.6940301928467534e-09,G0I,5508.08
4665.0,3.5176768165001704e-09,G0I,5508.08
4670.0,3.540484572184255e-09,G0I,5508.08
4675.0,3.749919041950989e-09,G0I,5508.08
4680.0,3.872452136732818e-09,G0I,5508.08
4685.0,3.963978034704496e-09,G0I,5508.08
4690.0,3.970405337838656e-09,G0I,5508.08
4695.0,3.881423626950209e-09,G0I,5508.08
4700.0,3.729872855018357e-09,G0I,5508.08
4705.0,3.657864011685774e-09,G0I,5508.08
4710.0,3.696581929446552e-09,G0I,5508.08
4715.0,3.842875351267594e-09,G0I,5508.08
4720.0,3.916955648719522e-09,G0I,5508.08
4725.0,3.82404863330521e-09,G0I,5508.08
4730.0,3.681091209628562e-09,G0I,5508.08
4735.0,3.7052692025696388e-09,G0I,5508.08
4740.0,3.826785999194726e-09,G0I,5508.08
4745.0,3.930286762710011e-09,G0I,5508.08
4750.0,3.926710512303089e-09,G0I,5508.08
4755.0,3.799433656581641e-09,G0I,5508.08
4760.0,3.669436310360652e-09,G0I,5508.08
4765.0,3.664966552463511e-09,G0I,5508.08
4770.0,3.82428622103248e-09,G0I,5508.08
4775.0,3.923496638691404e-09,G0I,5508.08
4780.0,3.897451694712117e-09,G0I,5508.08
4785.0,3.855068264613237e-09,G0I,5508.08
4790.0,3.856120311951372e-09,G0I,5508.08
4795.0,3.865657127732902e-09,G0I,5508.08
4800.0,3.820627814121735e-09,G0I,5508.08
4805.0,3.781349011688917e-09,G0I,5508.08
4810.0,3.821252647639994e-09,G0I,5508.08
4815.0,3.887882904507478e-09,G0I,5508.08
4820.0,3.850348484490951e-09,G0I,5508.08
4825.0,3.792983260808569e-09,G0I,5508.08
4830.0,3.7991365609002514e-09,G0I,5508.08
4835.0,3.803497961030189e-09,G0I,5508.08
4840.0,3.793274139241021e-09,G0I,5508.08
4845.0,3.7166731914339834e-09,G0I,5508.08
4850.0,3.494492473166133e-09,G0I,5508.08
4855.0,3.06050451648332e-09,G0I,5508.08
4860.0,2.7603415109211937e-09,G0I,5508.08
4865.0,2.947116994889143e-09,G0I,5508.08
4870.0,3.247250468518814e-09,G0I,5508.08
4875.0,3.392760294929076e-09,G0I,5508.08
4880.0,3.449529328847234e-09,G0I,5508.08
4885.0,3.4246157021300405e-09,G0I,5508.08
4890.0,3.523006109062976e-09,G0I,5508.08
4895.0,3.703627848850033e-09,G0I,5508.08
4900.0,3.786500890612388e-09,G0I,5508.08
4905.0,3.799203618370939e-09,G0I,5508.08
4910.0,3.6964620253598923e-09,G0I,5508.08
4915.0,3.5156240141276385e-09,G0I,5508.08
4920.0,3.3328371173979576e-09,G0I,5508.08
4925.0,3.467204967577686e-09,G0I,5508.08
4930.0,3.720121544148469e-09,G0I,5508.08
4935.0,3.726387198810244e-09,G0I,5508.08
4940.0,3.752518740185451e-09,G0I,5508.08
4945.0,3.8944274471930385e-09,G0I,5508.08
4950.0,3.954003791051264e-09,G0I,5508.08
4955.0,3.875479492876366e-09,G0I,5508.08
4960.0,3.824069505498073e-09,G0I,5508.08
4965.0,3.858810160295434e-09,G0I,5508.08
4970.0,3.8536875912598134e-09,G0I,5508.08
4975.0,3.779720092467187e-09,G0I,5508.08
4980.0,3.5718190627420654e-09,G0I,5508.08
4985.0,3.4971272544481735e-09,G0I,5508.08
4990.0,3.6096645672500927e-09,G0I,5508.08
4995.0,3.624487598941073e-09,G0I,5508.08
5000.0,3.5669471820654053e-09,G0I,5508.08
5005.0,3.481481325451341e-09,G0I,5508.08
5010.0,3.445175700278469e-09,G0I,5508.08
5015.0,3.357825129057801e-09,G0I,5508.08
5020.0,3.3973606150539126e-09,G0I,5508.08
5025.0,3.5579426072018805e-09,G0I,5508.08
5030.0,3.6688905247217463e-09,G0I,5508.08
5035.0,3.651085211942018e-09,G0I,5508.08
5040.0,3.5881002613535884e-09,G0I,5508.08
5045.0,3.6615275256224322e-09,G0I,5508.08
5050.0,3.742110177284985e-09,G0I,5508.08
5055.0,3.872004050720079e-09,G0I,5508.08
5060.0,3.963414929586406e-09,G0I,5508.08
5065.0,3.844720097845311e-09,G0I,5508.08
5070.0,3.69627661811478e-09,G0I,5508.08
5075.0,3.5963603206567996e-09,G0I,5508.08
5080.0,3.5717440116656007e-09,G0I,5508.08
5085.0,3.6844447492967447e-09,G0I,5508.08
5090.0,3.8091916287896765e-09,G0I,5508.08
5095.0,3.771361445359389e-09,G0I,5508.08
5100.0,3.6660441349312123e-09,G0I,5508.08
5105.0,3.677090187892418e-09,G0I,5508.08
5110.0,3.7146803411047813e-09,G0I,5508.08
5115.0,3.740967535748041e-09,G0I,5508.08
5120.0,3.6571248251959787e-09,G0I,5508.08
5125.0,3.50534201665198e-09,G0I,5508.08
5130.0,3.472127474424269e-09,G0I,5508.08
5135.0,3.527307335104979e-09,G0I,5508.08
5140.0,3.5494478467512636e-09,G0I,5508.08
5145.0,3.534223136369974e-09,G0I,5508.08
5150.0,3.5240126372571012e-09,G0I,5508.08
5155.0,3.5891818406241782e-09,G0I,5508.08
5160.0,3.608700449575508e-09,G0I,5508.08
5165.0,3.3405196386837588e-09,G0I,5508.08
5170.0,3.188330932601957e-09,G0I,5508.08
5175.0,3.425162597991971e-09,G0I,5508.08
5180.0,3.5843181755979003e-09,G0I,5508.08
5185.0,3.448871632727446e-09,G0I,5508.08
5190.0,3.31616978321847e-09,G0I,5508.08
5195.0,3.2952924833296038e-09,G0I,5508.08
5200.0,3.363795908484235e-09,G0I,5508.08
5205.0,3.395452141674582e-09,G0I,5508.08
5210.0,3.4844143126377958e-09,G0I,5508.08
5215.0,3.6121561297619564e-09,G0I,5508.08
5220.0,3.651466906617884e-09,G0I,5508.08
5225.0,3.476526400092439e-09,G0I,5508.08
5230.0,3.3633527074528047e-09,G0I,5508.08
5235.0,3.4518845559716738e-09,G0I,5508.08
5240.0,3.6049818685768287e-09,G0I,5508.08
5245.0,3.6318406060331654e-09,G0I,5508.08
5250.0,3.558651817670011e-09,G0I,5508.08
5255.0,3.527523162460966e-09,G0I,5508.08
5260.0,3.3956730760564824e-09,G0I,5508.08
5265.0,3.1487663587626002e-09,G0I,5508.08
5270.0,3.0940703332760222e-09,G0I,5508.08
5275.0,3.243234347749535e-09,G0I,5508.08
5280.0,3.462209408056083e-09,G0I,5508.08
5285.0,3.6669913772158225e-09,G0I,5508.08
5290.0,3.808716453335137e-09,G0I,5508.08
5295.0,3.745364018925557e-09,G0I,5508.08
5300.0,3.6567915362439862e-09,G0I,5508.08
5305.0,3.659318181803428e-09,G0I,5508.08
5310.0,3.6673690750888e-09,G0I,5508.08
5315.0,3.6226883715073654e-09,G0I,5508.08
5320.0,3.567315109975766e-09,G0I,5508.08
5325.0,3.4779552571251315e-09,G0I,5508.08
5330.0,3.4540263982307806e-09,G0I,5508.08
5335.0,3.4766520773388265e-09,G0I,5508.08
5340.0,3.53124285368267e-09,G0I,5508.08
5345.0,3.645191037904283e-09,G0I,5508.08
5350.0,3.7339433767158425e-09,G0I,5508.08
5355.0,3.800953773946958e-09,G0I,5508.08
5360.0,3.7383536266588635e-09,G0I,5508.08
5365.0,3.59945451222643e-09,G0I,5508.08
5370.0,3.5720670865657667e-09,G0I,5508.08
5375.0,3.658673364270726e-09,G0I,5508.08
5380.0,3.7034570965488456e-09,G0I,5508.08
5385.0,3.741515985922206e-09,G0I,5508.08
5390.0,3.708591655993132e-09,G0I,5508.08
5395.0,3.5747604876235073e-09,G0I,5508.08
5400.0,3.4681539862191357e-09,G0I,5508.08
5405.0,3.4127478620860074e-09,G0I,5508.08
5410.0,3.462652831132118e-09,G0I,5508.08
5415.0,3.542918625143443e-09,G0I,5508.08
5420.0,3.5548779475647052e-09,G0I,5508.08
5425.0,3.5306044754435106e-09,G0I,5508.08
5430.0,3.5363298955815026e-09,G0I,5508.08
5435.0,3.633213063736207e-09,G0I,5508.08
5440.0,3.773480194979584e-09,G0I,5508.08
5445.0,3.765873834993272e-09,G0I,5508.08
5450.0,3.737004927728549e-09,G0I,5508.08
5455.0,3.743395371458291e-09,G0I,5508.08
5460.0,3.775874723999095e-09,G0I,5508.08
5465.0,3.739782705736161e-09,G0I,5508.08
5470.0,3.6816085735580373e-09,G0I,5508.08
5475.0,3.603135345642272e-09,G0I,5508.08
5480.0,3.61916563385023e-09,G0I,5508.08
5485.0,3.693904293555761e-09,G0I,5508.08
5490.0,3.7015002174456413e-09,G0I,5508.08
5495.0,3.6861285135358912e-09,G0I,5508.08
5500.0,3.6550991122652476e-09,G0I,5508.08
5505.0,3.6131189151689114e-09,G0I,5508.08
5510.0,3.6265555003467398e-09,G0I,5508.08
5515.0,3.7228928828625385e-09,G0I,5508.08
5520.0,3.753969135544821e-09,G0I,5508.08
5525.0,3.6229022004619083e-09,G0I,5508.08
5530.0,3.5663478836767126e-09,G0I,5508.08
5535.0,3.6420939597547886e-09,G0I,5508.08
5540.0,3.742252729921347e-09,G0I,5508.08
5545.0,3.779573098938727e-09,G0I,5508.08
5550.0,3.817816285334175e-09,G0I,5508.08
5555.0,3.815293414533016e-09,G0I,5508.08
5560.0,3.7740024438903674e-09,G0I,5508.08
5565.0,3.7108347505920847e-09,G0I,5508.08
5570.0,3.6817116022547225e-09,G0I,5508.08
5575.0,3.732389952659787e-09,G0I,5508.08
5580.0,3.762860245615229e-09,G0I,5508.08
5585.0,3.6603411412983178e-09,G0I,5508.08
5590.0,3.546399396370248e-09,G0I,5508.08
5595.0,3.566361650442218e-09,G0I,5508.08
5600.0,3.621321020830237e-09,G0I,5508.08
5605.0,3.727111064222299e-09,G0I,5508.08
5610.0,3.80097731067508e-09,G0I,5508.08
5615.0,3.733307885056547e-09,G0I,5508.08
5620.0,3.7075678083198227e-09,G0I,5508.08
5625.0,3.7462055679782225e-09,G0I,5508.08
5630.0,3.768415357541244e-09,G0I,5508.08
5635.0,3.736686515765086e-09,G0I,5508.08
5640.0,3.6987657381359895e-09,G0I,5508.08
5645.0,3.750659338663809e-09,G0I,5508.08
5650.0,3.768689804672931e-09,G0I,5508.08
5655.0,3.6038561024298588e-09,G0I,5508.08
5660.0,3.4526177472571362e-09,G0I,5508.08
5665.0,3.5028115963342543e-09,G0I,5508.08
5670.0,3.626030364856092e-09,G0I,5508.08
5675.0,3.700301176579046e-09,G0I,5508.08
5680.0,3.649382129822243e-09,G0I,5508.08
5685.0,3.597807829436306e-09,G0I,5508.08
5690.0,3.6564651306747464e-09,G0I,5508.08
5695.0,3.727335329273274e-09,G0I,5508.08
5700.0,3.6997749308653738e-09,G0I,5508.08
5705.0,3.5950031840314978e-09,G0I,5508.08
5710.0,3.5510214768663673e-09,G0I,5508.08
5715.0,3.6410543469145296e-09,G0I,5508.08
5720.0,3.742727905375887e-09,G0I,5508.08
5725.0,3.7831364707585635e-09,G0I,5508.08
5730.0,3.7747365233542496e-09,G0I,5508.08
5735.0,3.778301227441716e-09,G0I,5508.08
5740.0,3.774722312499534e-09,G0I,5508.08
5745.0,3.735411091554397e-09,G0I,5508.08
5750.0,3.7091405502565067e-09,G0I,5508.08
5755.0,3.696270178821237e-09,G0I,5508.08
5760.0,3.7080041259685004e-09,G0I,5508.08
5765.0,3.721335906092804e-09,G0I,5508.08
5770.0,3.727093300653905e-09,G0I,5508.08
5775.0,3.668930270706028e-09,G0I,5508.08
5780.0,3.5842178114364742e-09,G0I,5508.08
5785.0,3.590803210329341e-09,G0I,5508.08
5790.0,3.650321156456471e-09,G0I,5508.08
5795.0,3.650113100661656e-09,G0I,5508.08
5800.0,3.6524043789398775e-09,G0I,5508.08
5805.0,3.6732641373049546e-09,G0I,5508.08
5810.0,3.696601913460995e-09,G0I,5508.08
5815.0,3.717589125429299e-09,G0I,5508.08
5820.0,3.747892218797233e-09,G0I,5508.08
5825.0,3.766815304118154e-09,G0I,5508.08
5830.0,3.786025715157848e-09,G0I,5508.08
5835.0,3.794988767680252e-09,G0I,5508.08
5840.0,3.77355124925316e-09,G0I,5508.08
5845.0,3.7016774090403715e-09,G0I,5508.08
5850.0,3.6174303552627407e-09,G0I,5508.08
5855.0,3.56442986237937e-09,G0I,5508.08
5860.0,3.621329680569829e-09,G0I,5508.08
5865.0,3.7053293766575734e-09,G0I,5508.08
5870.0,3.765250333742642e-09,G0I,5508.08
5875.0,3.782166135835041e-09,G0I,5508.08
5880.0,3.690195260475093e-09,G0I,5508.08
5885.0,3.436150031177476e-09,G0I,5508.08
5890.0,3.197750064742877e-09,G0I,5508.08
5895.0,3.267409232066143e-09,G0I,5508.08
5900.0,3.5330369740904644e-09,G0I,5508.08
5905.0,3.683098714901689e-09,G0I,5508.08
5910.0,3.6787060064824573e-09,G0I,5508.08
5915.0,3.676440485378407e-09,G0I,5508.08
5920.0,3.6877030318294146e-09,G0I,5508.08
5925.0,3.641553947275611e-09,G0I,5508.08
5930.0,3.60611807082023e-09,G0I,5508.08
5935.0,3.6472396214293212e-09,G0I,5508.08
5940.0,3.6718659224277417e-09,G0I,5508.08
5945.0,3.6367013844795792e-09,G0I,5508.08
5950.0,3.5910994178323108e-09,G0I,5508.08
5955.0,3.6123861679726588e-09,G0I,5508.08
5960.0,3.659369030017956e-09,G0I,5508.08
5965.0,3.674420767652009e-09,G0I,5508.08
5970.0,3.663461978220539e-09,G0I,5508.08
5975.0,3.6086524879408444e-09,G0I,5508.08
5980.0,3.5608043180701543e-09,G0I,5508.08
5985.0,3.5238578721674685e-09,G0I,5508.08
5990.0,3.5531468878247097e-09,G0I,5508.08
5995.0,3.6066916120347514e-09,G0I,5508.08
6000.0,3.6179046425388606e-09,G0I,5508.08
6005.0,3.561263728357744e-09,G0I,5508.08
6010.0,3.51656770369857e-09,G0I,5508.08
6015.0,3.503146883687691e-09,G0I,5508.08
6020.0,3.487508726252031e-09,G0I,5508.08
6025.0,3.4996745501558735e-09,G0I,5508.08
6030.0,3.5564711176050423e-09,G0I,5508.08
6035.0,3.587014907324715e-09,G0I,5508.08
6040.0,3.5872169679151966e-09,G0I,5508.08
6045.0,3.5794551767054372e-09,G0I,5508.08
6050.0,3.568598083703023e-09,G0I,5508.08
6055.0,3.5710785439846404e-09,G0I,5508.08
6060.0,3.5889473615213774e-09,G0I,5508.08
6065.0,3.582578012029103e-09,G0I,5508.08
6070.0,3.5846368096059678e-09,G0I,5508.08
6075.0,3.556830607820416e-09,G0I,5508.08
6080.0,3.507358625753909e-09,G0I,5508.08
6085.0,3.512917734482812e-09,G0I,5508.08
6090.0,3.5365881334570304e-09,G0I,5508.08
6095.0,3.515104651796719e-09,G0I,5508.08
6100.0,3.4588987229966506e-09,G0I,5508.08
6105.0,3.470786102965917e-09,G0I,5508.08
6110.0,3.4958183015021405e-09,G0I,5508.08
6115.0,3.47753048579591e-09,G0I,5508.08
6120.0,3.453024088884149e-09,G0I,5508.08
6125.0,3.4562446238339817e-09,G0I,5508.08
6130.0,3.429732053916723e-09,G0I,5508.08
6135.0,3.3146101419134766e-09,G0I,5508.08
6140.0,3.245369750715099e-09,G0I,5508.08
6145.0,3.273842086315426e-09,G0I,5508.08
6150.0,3.3180940217647503e-09,G0I,5508.08
6155.0,3.3239762053938193e-09,G0I,5508.08
6160.0,3.278862514832781e-09,G0I,5508.08
6165.0,3.276193760726187e-09,G0I,5508.08
6170.0,3.3114642139508987e-09,G0I,5508.08
6175.0,3.369328593905152e-09,G0I,5508.08
6180.0,3.4202649601411395e-09,G0I,5508.08
6185.0,3.411439797318394e-09,G0I,5508.08
6190.0,3.386782854164494e-09,G0I,5508.08
6195.0,3.419504901458481e-09,G0I,5508.08
6200.0,3.4538081283841393e-09,G0I,5508.08
6205.0,3.467380382815577e-09,G0I,5508.08
6210.0,3.4499627599160476e-09,G0I,5508.08
6215.0,3.405902004871564e-09,G0I,5508.08
6220.0,3.3955627198878346e-09,G0I,5508.08
6225.0,3.383234359333187e-09,G0I,5508.08
6230.0,3.320650643345857e-09,G0I,5508.08
6235.0,3.264266856817244e-09,G0I,5508.08
6240.0,3.2181763920391404e-09,G0I,5508.08
6245.0,3.1834241909223238e-09,G0I,5508.08
6250.0,3.2255489390564662e-09,G0I,5508.08
6255.0,3.2688123319246642e-09,G0I,5508.08
6260.0,3.320150154806356e-09,G0I,5508.08
6265.0,3.346439569895665e-09,G0I,5508.08
6270.0,3.3469558236021157e-09,G0I,5508.08
6275.0,3.267601078604798e-09,G0I,5508.08
6280.0,3.171288343040146e-09,G0I,5508.08
6285.0,3.230584910696166e-09,G0I,5508.08
6290.0,3.31140159737231e-09,G0I,5508.08
6295.0,3.292942585275682e-09,G0I,5508.08
6300.0,3.2377596159705035e-09,G0I,5508.08
6305.0,3.2607931910177967e-09,G0I,5508.08
6310.0,3.2640963265606615e-09,G0I,5508.08
6315.0,3.2255780268997114e-09,G0I,5508.08
6320.0,3.2338058897352084e-09,G0I,5508.08
6325.0,3.303839202217773e-09,G0I,5508.08
6330.0,3.3176439373505673e-09,G0I,5508.08
6335.0,3.286681593550611e-09,G0I,5508.08
6340.0,3.2766096502712116e-09,G0I,5508.08
6345.0,3.276898308257614e-09,G0I,5508.08
6350.0,3.304008844295936e-09,G0I,5508.08
6355.0,3.310139273793311e-09,G0I,5508.08
6360.0,3.284845950801696e-09,G0I,5508.08
6365.0,3.256163338960505e-09,G0I,5508.08
6370.0,3.246871438378207e-09,G0I,5508.08
6375.0,3.271336534993452e-09,G0I,5508.08
6380.0,3.2917009118449414e-09,G0I,5508.08
6385.0,3.2985103537441773e-09,G0I,5508.08
6390.0,3.283613159155152e-09,G0I,5508.08
6395.0,3.2671148009200124e-09,G0I,5508.08
6400.0,3.2660452120580885e-09,G0I,5508.08
6405.0,3.244963853177296e-09,G0I,5508.08
6410.0,3.2122382531696303e-09,G0I,5508.08
6415.0,3.198898923528759e-09,G0I,5508.08
6420.0,3.212460741863765e-09,G0I,5508.08
6425.0,3.2336251454267995e-09,G0I,5508.08
6430.0,3.202275777880459e-09,G0I,5508.08
6435.0,3.2059268573192412e-09,G0I,5508.08
6440.0,3.2293985263720515e-09,G0I,5508.08
6445.0,3.241987789337486e-09,G0I,5508.08
6450.0,3.1972244851630194e-09,G0I,5508.08
6455.0,3.141871429690468e-09,G0I,5508.08
6460.0,3.138492132848114e-09,G0I,5508.08
6465.0,3.1842002368165367e-09,G0I,5508.08
6470.0,3.2222537971193788e-09,G0I,5508.08
6475.0,3.2363469681939705e-09,G0I,5508.08
6480.0,3.2162392749057744e-09,G0I,5508.08
6485.0,3.1626832264208815e-09,G0I,5508.08
6490.0,3.0372464543404476e-09,G0I,5508.08
6495.0,2.9740327978089454e-09,G0I,5508.08
6500.0,3.1188096549783495e-09,G0I,5508.08
6505.0,3.2413931538854968e-09,G0I,5508.08
6510.0,3.2456028975502704e-09,G0I,5508.08
6515.0,3.195718578652418e-09,G0I,5508.08
6520.0,3.2129814364623144e-09,G0I,5508.08
6525.0,3.234946976959918e-09,G0I,5508.08
6530.0,3.23409765634608e-09,G0I,5508.08
6535.0,3.2268572258686845e-09,G0I,5508.08
6540.0,3.2065889943311277e-09,G0I,5508.08
6545.0,3.1571563141596926e-09,G0I,5508.08
6550.0,3.073646004381203e-09,G0I,5508.08
6555.0,2.860776060487069e-09,G0I,5508.08
6560.0,2.5893198696280706e-09,G0I,5508.08
6565.0,2.70373723409989e-09,G0I,5508.08
6570.0,2.9819082758564264e-09,G0I,5508.08
6575.0,3.1238676090339368e-09,G0I,5508.08
6580.0,3.1669520339505652e-09,G0I,5508.08
6585.0,3.1465996475077418e-09,G0I,5508.08
6590.0,3.111460422644541e-09,G0I,5508.08
6595.0,3.1220286356159477e-09,G0I,5508.08
6600.0,3.1529086008674767e-09,G0I,5508.08
6605.0,3.1389586485630616e-09,G0I,5508.08
6610.0,3.1419236101726256e-09,G0I,5508.08
6615.0,3.1808042866288133e-09,G0I,5508.08
6620.0,3.2183324893964027e-09,G0I,5508.08
6625.0,3.206742427153131e-09,G0I,5508.08
6630.0,3.1660591925941617e-09,G0I,5508.08
6635.0,3.1382603182805724e-09,G0I,5508.08
6640.0,3.126811476406033e-09,G0I,5508.08
6645.0,3.127942349578916e-09,G0I,5508.08
6650.0,3.1464379990353564e-09,G0I,5508.08
6655.0,3.1382179077610317e-09,G0I,5508.08
6660.0,3.111632063124148e-09,G0I,5508.08
6665.0,3.1115050536101307e-09,G0I,5508.08
6670.0,3.1177731507625595e-09,G0I,5508.08
6675.0,3.0862181699120583e-09,G0I,5508.08
6680.0,3.084208000103672e-09,G0I,5508.08
6685.0,3.1307547665448965e-09,G0I,5508.08
6690.0,3.153455496729407e-09,G0I,5508.08
6695.0,3.1313271975363932e-09,G0I,5508.08
6700.0,3.1193543303942306e-09,G0I,5508.08
6705.0,3.1222309182510344e-09,G0I,5508.08
6710.0,3.1105196196534735e-09,G0I,5508.08
6715.0,3.072823329119956e-09,G0I,5508.08
6720.0,3.0744358170409214e-09,G0I,5508.08
6725.0,3.0943010376205393e-09,G0I,5508.08
6730.0,3.1003017930686383e-09,G0I,5508.08
6735.0,3.0937377104578445e-09,G0I,5508.08
6740.0,3.073261201080868e-09,G0I,5508.08
6745.0,3.0463696010230024e-09,G0I,5508.08
6750.0,3.04310399101837e-09,G0I,5508.08
6755.0,3.066970233334132e-09,G0I,5508.08
6760.0,3.0817832730178907e-09,G0I,5508.08
6765.0,3.0696309938349486e-09,G0I,5508.08
6770.0,3.0595252997756006e-09,G0I,5508.08
6775.0,3.071037202317939e-09,G0I,5508.08
6780.0,3.0786357907430784e-09,G0I,5508.08
6785.0,3.0692457464454037e-09,G0I,5508.08
6790.0,3.060220521433621e-09,G0I,5508.08
6795.0,3.050214525401884e-09,G0I,5508.08
6800.0,3.0635767256370627e-09,G0I,5508.08
6805.0,3.069887233309032e-09,G0I,5508.08
6810.0,3.0687985486110847e-09,G0I,5508.08
6815.0,3.066863651923768e-09,G0I,5508.08
6820.0,3.0532636419167147e-09,G0I,5508.08
6825.0,3.033634898841342e-09,G0I,5508.08
6830.0,3.014729577088815e-09,G0I,5508.08
6835.0,2.99843883055928e-09,G0I,5508.08
6840.0,2.9817566193912626e-09,G0I,5508.08
6845.0,2.980209412584145e-09,G0I,5508.08
6850.0,2.9796265454962167e-09,G0I,5508.08
6855.0,2.978163049505156e-09,G0I,5508.08
6860.0,2.9761171305153766e-09,G0I,5508.08
6865.0,2.9750328867095277e-09,G0I,5508.08
6870.0,2.973882251566806e-09,G0I,5508.08
6875.0,2.971910051385862e-09,G0I,5508.08
6880.0,2.9698297154823194e-09,G0I,5508.08
6885.0,2.9681790358893068e-09,G0I,5508.08
6890.0,2.966410228566474e-09,G0I,5508.08
6895.0,2.963744805128954e-09,G0I,5508.08
6900.0,2.9607105656026533e-09,G0I,5508.08
6905.0,2.9576299187539234e-09,G0I,5508.08
6910.0,2.954832378776473e-09,G0I,5508.08
6915.0,2.9530304868075063e-09,G0I,5508.08
6920.0,2.9516433741605397e-09,G0I,5508.08
6925.0,2.9485276442642316e-09,G0I,5508.08
6930.0,2.945170329837765e-09,G0I,5508.08
6935.0,2.942531551752836e-09,G0I,5508.08
6940.0,2.940903076620316e-09,G0I,5508.08
6945.0,2.9390143652108236e-09,G0I,5508.08
6950.0,2.936072496240172e-09,G0I,5508.08
6955.0,2.9335920359585543e-09,G0I,5508.08
6960.0,2.9329996209526144e-09,G0I,5508.08
6965.0,2.9334663587121668e-09,G0I,5508.08
6970.0,2.927779352290827e-09,G0I,5508.08
6975.0,2.9071758333998332e-09,G0I,5508.08
6980.0,2.899904982811563e-09,G0I,5508.08
6985.0,2.9223936603983702e-09,G0I,5508.08
6990.0,2.907836416099485e-09,G0I,5508.08
6995.0,2.8671309770800235e-09,G0I,5508.08
7000.0,2.82056711320422e-09,G0I,5508.08
7005.0,2.830095047201553e-09,G0I,5508.08
7010.0,2.8665858575749326e-09,G0I,5508.08
7015.0,2.8506568217068207e-09,G0I,5508.08
7020.0,2.8363518200791304e-09,G0I,5508.08
7025.0,2.8403739360527425e-09,G0I,5508.08
7030.0,2.8663755813340686e-09,G0I,5508.08
7035.0,2.8677586971781466e-09,G0I,5508.08
7040.0,2.8799440610072224e-09,G0I,5508.08
7045.0,2.895498063537616e-09,G0I,5508.08
7050.0,2.8861615319897282e-09,G0I,5508.08
7055.0,2.8713074140540584e-09,G0I,5508.08
7060.0,2.8551236930240975e-09,G0I,5508.08
7065.0,2.832298617860829e-09,G0I,5508.08
7070.0,2.8465849677417054e-09,G0I,5508.08
7075.0,2.869193771459777e-09,G0I,5508.08
7080.0,2.860666592496841e-09,G0I,5508.08
7085.0,2.8395921169988014e-09,G0I,5508.08
7090.0,2.8339468549631874e-09,G0I,5508.08
7095.0,2.8487643355390446e-09,G0I,5508.08
7100.0,2.865304660204515e-09,G0I,5508.08
7105.0,2.8510624972000187e-09,G0I,5508.08
7110.0,2.8104147897778375e-09,G0I,5508.08
7115.0,2.7959941029109814e-09,G0I,5508.08
7120.0,2.802327259132653e-09,G0I,5508.08
7125.0,2.826042733161671e-09,G0I,5508.08
7130.0,2.846236579756578e-09,G0I,5508.08
7135.0,2.8677884511552065e-09,G0I,5508.08
7140.0,2.87288770550731e-09,G0I,5508.08
7145.0,2.831755940846392e-09,G0I,5508.08
7150.0,2.8300073395826075e-09,G0I,5508.08
7155.0,2.85402101951604e-09,G0I,5508.08
7160.0,2.8324242951072165e-09,G0I,5508.08
7165.0,2.7793543022625045e-09,G0I,5508.08
7170.0,2.7456092954736278e-09,G0I,5508.08
7175.0,2.697511325422397e-09,G0I,5508.08
7180.0,2.6408770725794284e-09,G0I,5508.08
7185.0,2.5693309702035094e-09,G0I,5508.08
7190.0,2.558743883440684e-09,G0I,5508.08
7195.0,2.5920778856658444e-09,G0I,5508.08
7200.0,2.6162281230313056e-09,G0I,5508.08
7205.0,2.6473045977581933e-09,G0I,5508.08
7210.0,2.725450087837089e-09,G0I,5508.08
7215.0,2.7587723216981885e-09,G0I,5508.08
7220.0,2.7434714500174096e-09,G0I,5508.08
7225.0,2.745985216989766e-09,G0I,5508.08
7230.0,2.7497628618533554e-09,G0I,5508.08
7235.0,2.712854163533507e-09,G0I,5508.08
7240.0,2.690254463644237e-09,G0I,5508.08
7245.0,2.6912125861144887e-09,G0I,5508.08
7250.0,2.69273336961362e-09,G0I,5508.08
7255.0,2.6991244794771774e-09,G0I,5508.08
7260.0,2.7082291964575234e-09,G0I,5508.08
7265.0,2.701444401509434e-09,G0I,5508.08
7270.0,2.700624390783446e-09,G0I,5508.08
7275.0,2.654460651285717e-09,G0I,5508.08
7280.0,2.631965978494577e-09,G0I,5508.08
7285.0,2.605418991663555e-09,G0I,5508.08
7290.0,2.565534895637711e-09,G0I,5508.08
7295.0,2.615945682293841e-09,G0I,5508.08
7300.0,2.6359538995990306e-09,G0I,5508.08
7305.0,2.5936925940328592e-09,G0I,5508.08
7310.0,2.5803221781472985e-09,G0I,5508.08
7315.0,2.6148305742879074e-09,G0I,5508.08
7320.0,2.6350805981678604e-09,G0I,5508.08
7325.0,2.6467967817467297e-09,G0I,5508.08
7330.0,2.665796694500955e-09,G0I,5508.08
7335.0,2.691104672436495e-09,G0I,5508.08
7340.0,2.7054203322052217e-09,G0I,5508.08
7345.0,2.668219423185292e-09,G0I,5508.08
7350.0,2.632235762689561e-09,G0I,5508.08
7355.0,2.6207631620422944e-09,G0I,5508.08
7360.0,2.6452151580258487e-09,G0I,5508.08
7365.0,2.6485891257976846e-09,G0I,5508.08
7370.0,2.642024599097681e-09,G0I,5508.08
7375.0,2.6462141367034064e-09,G0I,5508.08
7380.0,2.6298088151577304e-09,G0I,5508.08
7385.0,2.5678768000858554e-09,G0I,5508.08
7390.0,2.542104304836812e-09,G0I,5508.08
7395.0,2.573887769585781e-09,G0I,5508.08
7400.0,2.588290470839638e-09,G0I,5508.08
7405.0,2.560937906181948e-09,G0I,5508.08
7410.0,2.5147597337848993e-09,G0I,5508.08
7415.0,2.490849970726572e-09,G0I,5508.08
7420.0,2.4928910047350428e-09,G0I,5508.08
7425.0,2.5312585361092488e-09,G0I,5508.08
7430.0,2.5706792250446142e-09,G0I,5508.08
7435.0,2.5731363706427146e-09,G0I,5508.08
7440.0,2.539261245715352e-09,G0I,5508.08
7445.0,2.507358320968933e-09,G0I,5508.08
7450.0,2.5187396612835755e-09,G0I,5508.08
7455.0,2.541917343279465e-09,G0I,5508.08
7460.0,2.5315911589274265e-09,G0I,5508.08
7465.0,2.5368545042425694e-09,G0I,5508.08
7470.0,2.5415012316898355e-09,G0I,5508.08
7475.0,2.5254605073854464e-09,G0I,5508.08
7480.0,2.510394780941283e-09,G0I,5508.08
7485.0,2.5102715461855496e-09,G0I,5508.08
7490.0,2.5010431503602604e-09,G0I,5508.08
7495.0,2.4977577783857896e-09,G0I,5508.08
7500.0,2.5073840781431045e-09,G0I,5508.08
7505.0,2.4755768546214085e-09,G0I,5508.08
7510.0,2.4388173702760696e-09,G0I,5508.08
7515.0,2.458213188560876e-09,G0I,5508.08
7520.0,2.478474758760285e-09,G0I,5508.08
7525.0,2.4655835151321526e-09,G0I,5508.08
7530.0,2.4564490441747466e-09,G0I,5508.08
7535.0,2.476490568170675e-09,G0I,5508.08
7540.0,2.494199069502656e-09,G0I,5508.08
7545.0,2.489635164693027e-09,G0I,5508.08
7550.0,2.479958682854999e-09,G0I,5508.08
7555.0,2.4738746606800532e-09,G0I,5508.08
7560.0,2.469601634302876e-09,G0I,5508.08
7565.0,2.4655899544256954e-09,G0I,5508.08
7570.0,2.4625683714418756e-09,G0I,5508.08
7575.0,2.456533643169223e-09,G0I,5508.08
7580.0,2.450711411583484e-09,G0I,5508.08
7585.0,2.4455610869722477e-09,G0I,5508.08
7590.0,2.440611268639259e-09,G0I,5508.08
7595.0,2.4359112504868108e-09,G0I,5508.08
7600.0,2.4314006363823637e-09,G0I,5508.08
7605.0,2.4267097220587175e-09,G0I,5508.08
7610.0,2.422418932113146e-09,G0I,5508.08
7615.0,2.4195123682346775e-09,G0I,5508.08
7620.0,2.4175792479042e-09,G0I,5508.08
7625.0,2.4156880940040537e-09,G0I,5508.08
7630.0,2.4130968334645786e-09,G0I,5508.08
7635.0,2.4095161421655575e-09,G0I,5508.08
7640.0,2.4055086811358706e-09,G0I,5508.08
7645.0,2.401748799840675e-09,G0I,5508.08
7650.0,2.398295118055671e-09,G0I,5508.08
7655.0,2.394886733370072e-09,G0I,5508.08
7660.0,2.391107534194248e-09,G0I,5508.08
7665.0,2.3867834375579378e-09,G0I,5508.08
7670.0,2.382390285049496e-09,G0I,5508.08
7675.0,2.378276686698655e-09,G0I,5508.08
7680.0,2.374598295773467e-09,G0I,5508.08
7685.0,2.371422835878434e-09,G0I,5508.08
7690.0,2.368457652224265e-09,G0I,5508.08
7695.0,2.3647426239392644e-09,G0I,5508.08
7700.0,2.3604451726555453e-09,G0I,5508.08
7705.0,2.356136397096975e-09,G0I,5508.08
7710.0,2.3531698811751767e-09,G0I,5508.08
7715.0,2.351391303889727e-09,G0I,5508.08
7720.0,2.3479103106183175e-09,G0I,5508.08
7725.0,2.342784632958228e-09,G0I,5508.08
7730.0,2.3451682817920982e-09,G0I,5508.08
7735.0,2.3577559904452983e-09,G0I,5508.08
7740.0,2.342722682513454e-09,G0I,5508.08
7745.0,2.304746171688521e-09,G0I,5508.08
7750.0,2.3040103158677994e-09,G0I,5508.08
7755.0,2.3387556336018633e-09,G0I,5508.08
7760.0,2.3442110475002664e-09,G0I,5508.08
7765.0,2.297406709317329e-09,G0I,5508.08
7770.0,2.2104429397984404e-09,G0I,5508.08
7775.0,2.179741276364666e-09,G0I,5508.08
7780.0,2.223819572932939e-09,G0I,5508.08
7785.0,2.2752737471876117e-09,G0I,5508.08
7790.0,2.3067412424637723e-09,G0I,5508.08
7795.0,2.3061539344837456e-09,G0I,5508.08
7800.0,2.2910935371101004e-09,G0I,5508.08
7805.0,2.3010340299833842e-09,G0I,5508.08
7810.0,2.3066288878936803e-09,G0I,5508.08
7815.0,2.3195594334168845e-09,G0I,5508.08
7820.0,2.3214699051976595e-09,G0I,5508.08
7825.0,2.3024098183554997e-09,G0I,5508.08
7830.0,2.2684063516464903e-09,G0I,5508.08
7835.0,2.2610862071559268e-09,G0I,5508.08
7840.0,2.2746751149327338e-09,G0I,5508.08
7845.0,2.2819826028808166e-09,G0I,5508.08
7850.0,2.2836030844075594e-09,G0I,5508.08
7855.0,2.288675471362467e-09,G0I,5508.08
7860.0,2.293825573929098e-09,G0I,5508.08
7865.0,2.291118184061247e-09,G0I,5508.08
7870.0,2.281457467390169e-09,G0I,5508.08
7875.0,2.2538104715863483e-09,G0I,5508.08
7880.0,2.237773299995638e-09,G0I,5508.08
7885.0,2.258123465992412e-09,G0I,5508.08
7890.0,2.2681720945882944e-09,G0I,5508.08
7895.0,2.25426455280342e-09,G0I,5508.08
7900.0,2.246678842965366e-09,G0I,5508.08
7905.0,2.2446748904059177e-09,G0I,5508.08
7910.0,2.2370141294913992e-09,G0I,5508.08
7915.0,2.222166672893877e-09,G0I,5508.08
7920.0,2.2096811047589426e-09,G0I,5508.08
7925.0,2.1934476457374785e-09,G0I,5508.08
7930.0,2.1702413199875537e-09,G0I,5508.08
7935.0,2.166464341257779e-09,G0I,5508.08
7940.0,2.172479085515988e-09,G0I,5508.08
7945.0,2.16481743642305e-09,G0I,5508.08
7950.0,2.1844075437371657e-09,G0I,5508.08
7955.0,2.210120975121299e-09,G0I,5508.08
7960.0,2.2219202033824104e-09,G0I,5508.08
7965.0,2.224521900018317e-09,G0I,5508.08
7970.0,2.2201402938293313e-09,G0I,5508.08
7975.0,2.2180903780366634e-09,G0I,5508.08
7980.0,2.2174184710621603e-09,G0I,5508.08
7985.0,2.2138246791314486e-09,G0I,5508.08
7990.0,2.201200111073831e-09,G0I,5508.08
7995.0,2.169891155645587e-09,G0I,5508.08
8000.0,2.1562078789116867e-09,G0I,5508.08
8005.0,2.169662893791724e-09,G0I,5508.08
8010.0,2.1803243654971993e-09,G0I,5508.08
8015.0,2.179211922026525e-09,G0I,5508.08
8020.0,2.164737056276067e-09,G0I,5508.08
8025.0,2.1430492935792245e-09,G0I,5508.08
8030.0,2.143510258179049e-09,G0I,5508.08
8035.0,2.1582229337013814e-09,G0I,5508.08
8040.0,2.1495263347048876e-09,G0I,5508.08
8045.0,2.1214483503229076e-09,G0I,5508.08
8050.0,2.1213857337443187e-09,G0I,5508.08
8055.0,2.1422112972402374e-09,G0I,5508.08
8060.0,2.1566761709834736e-09,G0I,5508.08
8065.0,2.1574255715250956e-09,G0I,5508.08
8070.0,2.1493373747460964e-09,G0I,5508.08
8075.0,2.1453501197754576e-09,G0I,5508.08
8080.0,2.133243803825735e-09,G0I,5508.08
8085.0,2.1140507122652252e-09,G0I,5508.08
8090.0,2.107659158312458e-09,G0I,5508.08
8095.0,2.114003860853586e-09,G0I,5508.08
8100.0,2.141623323126396e-09,G0I,5508.08
8105.0,2.151556932616927e-09,G0I,5508.08
8110.0,2.1469346300762027e-09,G0I,5508.08
8115.0,2.146252731094478e-09,G0I,5508.08
8120.0,2.1431831864759943e-09,G0I,5508.08
8125.0,2.141395283317138e-09,G0I,5508.08
8130.0,2.130767562391611e-09,G0I,5508.08
8135.0,2.11781325809568e-09,G0I,5508.08
8140.0,2.1089381352368264e-09,G0I,5508.08
8145.0,2.0902632957842116e-09,G0I,5508.08
8150.0,2.085434491760907e-09,G0I,5508.08
8155.0,2.0777766174262524e-09,G0I,5508.08
8160.0,2.057777059860655e-09,G0I,5508.08
8165.0,2.0426462743472484e-09,G0I,5508.08
8170.0,2.0458423843905393e-09,G0I,5508.08
8175.0,2.0430519498404465e-09,G0I,5508.08
8180.0,2.015778211017505e-09,G0I,5508.08
8185.0,1.9959194297314298e-09,G0I,5508.08
8190.0,1.9676966722670386e-09,G0I,5508.08
8195.0,1.923531778302845e-09,G0I,5508.08
8200.0,1.9453241240086072e-09,G0I,5508.08
8205.0,2.030682066944678e-09,G0I,5508.08
8210.0,2.078674787853174e-09,G0I,5508.08
8215.0,2.048419878164509e-09,G0I,5508.08
8220.0,1.9893631186818084e-09,G0I,5508.08
8225.0,1.939715277288201e-09,G0I,5508.08
8230.0,1.9363843861697205e-09,G0I,5508.08
8235.0,2.0091748265116394e-09,G0I,5508.08
8240.0,2.054151737596044e-09,G0I,5508.08
8245.0,2.034724833066548e-09,G0I,5508.08
8250.0,2.003439192321821e-09,G0I,5508.08
8255.0,2.0128059219359784e-09,G0I,5508.08
8260.0,2.052243708305923e-09,G0I,5508.08
8265.0,2.0789636678841816e-09,G0I,5508.08
8270.0,2.0858983429405953e-09,G0I,5508.08
8275.0,2.0575401382672e-09,G0I,5508.08
8280.0,2.0364057107258304e-09,G0I,5508.08
8285.0,2.0244013132497685e-09,G0I,5508.08
8290.0,2.0248047682969172e-09,G0I,5508.08
8295.0,2.035180468595854e-09,G0I,5508.08
8300.0,2.0437687098251445e-09,G0I,5508.08
8305.0,2.0369150810495285e-09,G0I,5508.08
8310.0,2.034949986295942e-09,G0I,5508.08
8315.0,2.0320309879195975e-09,G0I,5508.08
8320.0,2.0244690368542706e-09,G0I,5508.08
8325.0,2.0015900048520052e-09,G0I,5508.08
8330.0,1.9671604345461446e-09,G0I,5508.08
8335.0,1.9312311749786204e-09,G0I,5508.08
8340.0,1.9295254283235863e-09,G0I,5508.08
8345.0,1.975780872243149e-09,G0I,5508.08
8350.0,2.023881062740429e-09,G0I,5508.08
8355.0,2.0238708486886026e-09,G0I,5508.08
8360.0,2.016329325726929e-09,G0I,5508.08
8365.0,2.047816138883718e-09,G0I,5508.08
8370.0,2.0746808715443876e-09,G0I,5508.08
8375.0,2.0417370016900804e-09,G0I,5508.08
8380.0,1.993140541500793e-09,G0I,5508.08
8385.0,1.9761297043174864e-09,G0I,5508.08
8390.0,1.9879504709052753e-09,G0I,5508.08
8395.0,2.0121606603140663e-09,G0I,5508.08
8400.0,2.029997947516904e-09,G0I,5508.08
8405.0,2.037555901779342e-09,G0I,5508.08
8410.0,2.0234300901478264e-09,G0I,5508.08
8415.0,1.9910930681987793e-09,G0I,5508.08
8420.0,1.9830272979248775e-09,G0I,5508.08
8425.0,2.0089943042478353e-09,G0I,5508.08
8430.0,2.0161592395595562e-09,G0I,5508.08
8435.0,1.955735795533542e-09,G0I,5508.08
8440.0,1.899904678026587e-09,G0I,5508.08
8445.0,1.89468307709717e-09,G0I,5508.08
8450.0,1.9461285916122506e-09,G0I,5508.08
8455.0,2.0107255860324358e-09,G0I,5508.08
8460.0,2.0136439182749655e-09,G0I,5508.08
8465.0,1.9439021503586673e-09,G0I,5508.08
8470.0,1.906708790855305e-09,G0I,5508.08
8475.0,1.9596346767514206e-09,G0I,5508.08
8480.0,2.0250974230862084e-09,G0I,5508.08
8485.0,2.041033342337073e-09,G0I,5508.08
8490.0,1.94109572859702e-09,G0I,5508.08
8495.0,1.7090875381597925e-09,G0I,5508.08
8500.0,1.6243475453592282e-09,G0I,5508.08
8505.0,1.7566538224045303e-09,G0I,5508.08
8510.0,1.86199966556444e-09,G0I,5508.08
8515.0,1.9059671618748553e-09,G0I,5508.08
8520.0,1.9338191048490216e-09,G0I,5508.08
8525.0,1.9233765691240023e-09,G0I,5508.08
8530.0,1.8435784010506495e-09,G0I,5508.08
8535.0,1.643691627251087e-09,G0I,5508.08
8540.0,1.3964869260973956e-09,G0I,5508.08
8545.0,1.3707676105312316e-09,G0I,5508.08
8550.0,1.529651183496128e-09,G0I,5508.08
8555.0,1.7027652621237621e-09,G0I,5508.08
8560.0,1.854338793627619e-09,G0I,5508.08
8565.0,1.92208027272045e-09,G0I,5508.08
8570.0,1.927692672154535e-09,G0I,5508.08
8575.0,1.922269676768451e-09,G0I,5508.08
8580.0,1.9187831323819182e-09,G0I,5508.08
8585.0,1.916020897496651e-09,G0I,5508.08
8590.0,1.8859038775076442e-09,G0I,5508.08
8595.0,1.8171643079156752e-09,G0I,5508.08
8600.0,1.8007335622627352e-09,G0I,5508.08
8605.0,1.8430865722507406e-09,G0I,5508.08
8610.0,1.88030369052683e-09,G0I,5508.08
8615.0,1.90260629473471e-09,G0I,5508.08
8620.0,1.9128492123599017e-09,G0I,5508.08
8625.0,1.9195902645208207e-09,G0I,5508.08
8630.0,1.9326724665091888e-09,G0I,5508.08
8635.0,1.951011352474552e-09,G0I,5508.08
8640.0,1.955827499955376e-09,G0I,5508.08
8645.0,1.923692094507601e-09,G0I,5508.08
8650.0,1.8689794156756534e-09,G0I,5508.08
8655.0,1.7342479674553601e-09,G0I,5508.08
8660.0,1.5145387166626278e-09,G0I,5508.08
8665.0,1.4594223607389267e-09,G0I,5508.08
8670.0,1.5485959181660292e-09,G0I,5508.08
8675.0,1.6893055843070215e-09,G0I,5508.08
8680.0,1.801908289245091e-09,G0I,5508.08
8685.0,1.8090805520287745e-09,G0I,5508.08
8690.0,1.8029205905989443e-09,G0I,5508.08
8695.0,1.856278575296244e-09,G0I,5508.08
8700.0,1.8528691914099227e-09,G0I,5508.08
8705.0,1.8898655973487166e-09,G0I,5508.08
8710.0,1.8868262507965028e-09,G0I,5508.08
8715.0,1.9010431007160378e-09,G0I,5508.08
8720.0,1.914738367858604e-09,G0I,5508.08
8725.0,1.9000663264989726e-09,G0I,5508.08
8730.0,1.8802077672575024e-09,G0I,5508.08
8735.0,1.8668284695877446e-09,G0I,5508.08
8740.0,1.836302443436466e-09,G0I,5508.08
8745.0,1.7873315050209726e-09,G0I,5508.08
8750.0,1.7533897667121323e-09,G0I,5508.08
8755.0,1.7884407288448756e-09,G0I,5508.08
8760.0,1.8338042195864546e-09,G0I,5508.08
8765.0,1.846106378877721e-09,G0I,5508.08
8770.0,1.8464731965650572e-09,G0I,5508.08
8775.0,1.8523446110307873e-09,G0I,5508.08
8780.0,1.8655608169382276e-09,G0I,5508.08
8785.0,1.8495550646591141e-09,G0I,5508.08
8790.0,1.8302039883622001e-09,G0I,5508.08
8795.0,1.8335948315240103e-09,G0I,5508.08
8800.0,1.8270456259017465e-09,G0I,5508.08
8805.0,1.7891156334215452e-09,G0I,5508.08
8810.0,1.816496730810968e-09,G0I,5508.08
8815.0,1.839227548039446e-09,G0I,5508.08
8820.0,1.8245105426473174e-09,G0I,5508.08
8825.0,1.8241080868008908e-09,G0I,5508.08
8830.0,1.828702522743697e-09,G0I,5508.08
8835.0,1.8123464951003143e-09,G0I,5508.08
8840.0,1.8068821994177142e-09,G0I,5508.08
8845.0,1.8158742287610607e-09,G0I,5508.08
8850.0,1.8108942123618021e-09,G0I,5508.08
8855.0,1.773177160657724e-09,G0I,5508.08
8860.0,1.7117699480095894e-09,G0I,5508.08
8865.0,1.711231933931856e-09,G0I,5508.08
8870.0,1.7668068119647273e-09,G0I,5508.08
8875.0,1.7937730190098478e-09,G0I,5508.08
8880.0,1.8034251869636364e-09,G0I,5508.08
8885.0,1.8147892077990946e-09,G0I,5508.08
8890.0,1.8108299304486764e-09,G0I,5508.08
8895.0,1.812301531067817e-09,G0I,5508.08
8900.0,1.8195761564143709e-09,G0I,5508.08
8905.0,1.8072700003202158e-09,G0I,5508.08
8910.0,1.7848420519328556e-09,G0I,5508.08
8915.0,1.7912689109778057e-09,G0I,5508.08
8920.0,1.7855911194075702e-09,G0I,5508.08
8925.0,1.743268862597347e-09,G0I,5508.08
8930.0,1.7632669768730125e-09,G0I,5508.08
8935.0,1.799389304224519e-09,G0I,5508.08
8940.0,1.7952320741088101e-09,G0I,5508.08
8945.0,1.7711225819283527e-09,G0I,5508.08
8950.0,1.7707507682374057e-09,G0I,5508.08
8955.0,1.7984935762882515e-09,G0I,5508.08
8960.0,1.784831837881029e-09,G0I,5508.08
8965.0,1.758789891503909e-09,G0I,5508.08
8970.0,1.7513067662733306e-09,G0I,5508.08
8975.0,1.7328647405889797e-09,G0I,5508.08
8980.0,1.7192793855258515e-09,G0I,5508.08
8985.0,1.6977391714689816e-09,G0I,5508.08
8990.0,1.671136118375216e-09,G0I,5508.08
8995.0,1.7063305213227409e-09,G0I,5508.08
9000.0,1.6652534906569372e-09,G0I,5508.08
9005.0,1.6581037654006536e-09,G0I,5508.08
9010.0,1.604465671434241e-09,G0I,5508.08
9015.0,1.5859152879826866e-09,G0I,5508.08
9020.0,1.6375190092787761e-09,G0I,5508.08
9025.0,1.6875649766490142e-09,G0I,5508.08
9030.0,1.7514040218102878e-09,G0I,5508.08
9035.0,1.7940096075363954e-09,G0I,5508.08
9040.0,1.8085111186394442e-09,G0I,5508.08
9045.0,1.814446037862183e-09,G0I,5508.08
9050.0,1.7873558189052119e-09,G0I,5508.08
9055.0,1.7681299757654756e-09,G0I,5508.08
9060.0,1.7007681929470664e-09,G0I,5508.08
9065.0,1.6817208736696898e-09,G0I,5508.08
9070.0,1.6873842323406052e-09,G0I,5508.08
9075.0,1.6622859755344166e-09,G0I,5508.08
9080.0,1.644420377644451e-09,G0I,5508.08
9085.0,1.6302026395464964e-09,G0I,5508.08
9090.0,1.607482036369845e-09,G0I,5508.08
9095.0,1.636066504495659e-09,G0I,5508.08
9100.0,1.6643739719768291e-09,G0I,5508.08
9105.0,1.682411765457914e-09,G0I,5508.08
9110.0,1.6813613834543162e-09,G0I,5508.08
9115.0,1.679761219008924e-09,G0I,5508.08
9120.0,1.6984245121420827e-09,G0I,5508.08
9125.0,1.7068656488206102e-09,G0I,5508.08
9130.0,1.6772132571674092e-09,G0I,5508.08
9135.0,1.6746504183373645e-09,G0I,5508.08
9140.0,1.7011992925475283e-09,G0I,5508.08
9145.0,1.6868555441362787e-09,G0I,5508.08
9150.0,1.6415003800673844e-09,G0I,5508.08
9155.0,1.6324297469338944e-09,G0I,5508.08
9160.0,1.6562854421309225e-09,G0I,5508.08
9165.0,1.6598120655686444e-09,G0I,5508.08
9170.0,1.630941381947082e-09,G0I,5508.08
9175.0,1.6182983841872556e-09,G0I,5508.08
9180.0,1.6584750239800883e-09,G0I,5508.08
9185.0,1.673935212664901e-09,G0I,5508.08
9190.0,1.6794908797024277e-09,G0I,5508.08
9195.0,1.6706389605047889e-09,G0I,5508.08
9200.0,1.6742716102413624e-09,G0I,5508.08
9205.0,1.6433988614394934e-09,G0I,5508.08
9210.0,1.6120050849721679e-09,G0I,5508.08
9215.0,1.593490117635099e-09,G0I,5508.08
9220.0,1.5984162882176634e-09,G0I,5508.08
9225.0,1.5812954279326163e-09,G0I,5508.08
9230.0,1.567322605033894e-09,G0I,5508.08
9235.0,1.5823590215902072e-09,G0I,5508.08
9240.0,1.5995305080451772e-09,G0I,5508.08
9245.0,1.6040487826884942e-09,G0I,5508.08
9250.0,1.6134653613164573e-09,G0I,5508.08
9255.0,1.6132711833094504e-09,G0I,5508.08
9260.0,1.6283693282659328e-09,G0I,5508.08
9265.0,1.6602743624360983e-09,G0I,5508.08
9270.0,1.6760772769686128e-09,G0I,5508.08
9275.0,1.673314709016438e-09,G0I,5508.08
9280.0,1.6730560270517003e-09,G0I,5508.08
9285.0,1.6768784139031823e-09,G0I,5508.08
9290.0,1.6746105613307805e-09,G0I,5508.08
9295.0,1.6618195708417716e-09,G0I,5508.08
9300.0,1.6520699253064208e-09,G0I,5508.08
9305.0,1.6437402550195657e-09,G0I,5508.08
9310.0,1.6214709575024244e-09,G0I,5508.08
9315.0,1.5873707903679701e-09,G0I,5508.08
9320.0,1.5794504593102943e-09,G0I,5508.08
9325.0,1.5737670056026332e-09,G0I,5508.08
9330.0,1.5771577377421409e-09,G0I,5508.08
9335.0,1.5550974952205365e-09,G0I,5508.08
9340.0,1.5187486823720064e-09,G0I,5508.08
9345.0,1.527406090495731e-09,G0I,5508.08
9350.0,1.5655768903499734e-09,G0I,5508.08
9355.0,1.5436909528432352e-09,G0I,5508.08
9360.0,1.574913421897861e-09,G0I,5508.08
9365.0,1.5801920882907439e-09,G0I,5508.08
9370.0,1.5699194166884922e-09,G0I,5508.08
9375.0,1.589868126039562e-09,G0I,5508.08
9380.0,1.5960341936960276e-09,G0I,5508.08
9385.0,1.6660910429067144e-09,G0I,5508.08
9390.0,1.714282826803526e-09,G0I,5508.08
9395.0,1.7155652454192705e-09,G0I,5508.08
9400.0,1.6871301022902685e-09,G0I,5508.08
9405.0,1.650925951501847e-09,G0I,5508.08
9410.0,1.634735014022226e-09,G0I,5508.08
9415.0,1.6203844932505262e-09,G0I,5508.08
9420.0,1.6211466613569314e-09,G0I,5508.08
9425.0,1.5816506993004964e-09,G0I,5508.08
9430.0,1.5609474823818914e-09,G0I,5508.08
9435.0,1.553833062217791e-09,G0I,5508.08
9440.0,1.5211718551455533e-09,G0I,5508.08
9445.0,1.5641127282250977e-09,G0I,5508.08
9450.0,1.59119173392952e-09,G0I,5508.08
9455.0,1.5642901418644328e-09,G0I,5508.08
9460.0,1.5673875530808346e-09,G0I,5508.08
9465.0,1.5933900865405803e-09,G0I,5508.08
9470.0,1.6062875474176508e-09,G0I,5508.08
9475.0,1.602147858825731e-09,G0I,5508.08
9480.0,1.5757329885346394e-09,G0I,5508.08
9485.0,1.6121353141329564e-09,G0I,5508.08
9490.0,1.59311730474343e-09,G0I,5508.08
9495.0,1.5399377328861874e-09,G0I,5508.08
9500.0,1.5387051632842486e-09,G0I,5508.08
9505.0,1.5922295704129397e-09,G0I,5508.08
9510.0,1.6122584378663873e-09,G0I,5508.08
9515.0,1.5541469222668525e-09,G0I,5508.08
9520.0,1.5136640829638282e-09,G0I,5508.08
9525.0,1.5253273089044228e-09,G0I,5508.08
9530.0,1.5447346735086853e-09,G0I,5508.08
9535.0,1.538689176072694e-09,G0I,5508.08
9540.0,1.499981028274533e-09,G0I,5508.08
9545.0,1.4763356093183688e-09,G0I,5508.08
9550.0,1.4865487729665006e-09,G0I,5508.08
9555.0,1.4914796064857683e-09,G0I,5508.08
9560.0,1.5107594064645014e-09,G0I,5508.08
9565.0,1.5079514303906194e-09,G0I,5508.08
9570.0,1.5378053275227899e-09,G0I,5508.08
9575.0,1.5492728211441431e-09,G0I,5508.08
9580.0,1.5266173880590372e-09,G0I,5508.08
9585.0,1.5220180671349226e-09,G0I,5508.08
9590.0,1.5073784442876104e-09,G0I,5508.08
9595.0,1.5255012808523816e-09,G0I,5508.08
9600.0,1.5315027024342953e-09,G0I,5508.08
9605.0,1.5432090050282454e-09,G0I,5508.08
9610.0,1.5542647169297652e-09,G0I,5508.08
9615.0,1.542798444553739e-09,G0I,5508.08
9620.0,1.5195165126158372e-09,G0I,5508.08
9625.0,1.514195990814926e-09,G0I,5508.08
9630.0,1.5322019208952042e-09,G0I,5508.08
9635.0,1.511979430546262e-09,G0I,5508.08
9640.0,1.5084180571278694e-09,G0I,5508.08
9645.0,1.50907497609154e-09,G0I,5508.08
9650.0,1.514186109830007e-09,G0I,5508.08
9655.0,1.510252367609155e-09,G0I,5508.08
9660.0,1.4856830210518979e-09,G0I,5508.08
9665.0,1.5027066257999877e-09,G0I,5508.08
9670.0,1.5166025102431036e-09,G0I,5508.08
9675.0,1.523318915452876e-09,G0I,5508.08
9680.0,1.5187993085419293e-09,G0I,5508.08
9685.0,1.523773329736855e-09,G0I,5508.08
9690.0,1.5251551133133034e-09,G0I,5508.08
9695.0,1.5180304790973764e-09,G0I,5508.08
9700.0,1.5122524343880173e-09,G0I,5508.08
9705.0,1.5226359062481265e-09,G0I,5508.08
9710.0,1.5159471455916673e-09,G0I,5508.08
9715.0,1.517865944045127e-09,G0I,5508.08
9720.0,1.5152059607004276e-09,G0I,5508.08
9725.0,1.4991523578089527e-09,G0I,5508.08
9730.0,1.4930614522512542e-09,G0I,5508.08
9735.0,1.4840744189115185e-09,G0I,5508.08
9740.0,1.4784498070241625e-09,G0I,5508.08
9745.0,1.4793024583070746e-09,G0I,5508.08
9750.0,1.4661838410034989e-09,G0I,5508.08
9755.0,1.465849996939994e-09,G0I,5508.08
9760.0,1.4680204829531363e-09,G0I,5508.08
9765.0,1.4642645984608293e-09,G0I,5508.08
9770.0,1.4704807371757056e-09,G0I,5508.08
9775.0,1.486467726685703e-09,G0I,5508.08
9780.0,1.4770237255490315e-09,G0I,5508.08
9785.0,1.4716209362219956e-09,G0I,5508.08
9790.0,1.4757612909477302e-09,G0I,5508.08
9795.0,1.4651631019546585e-09,G0I,5508.08
9800.0,1.462195142742928e-09,G0I,5508.08
9805.0,1.4868458686478903e-09,G0I,5508.08
9810.0,1.4791938784952663e-09,G0I,5508.08
9815.0,1.4577004048277331e-09,G0I,5508.08
9820.0,1.4535522785408261e-09,G0I,5508.08
9825.0,1.4636167833259606e-09,G0I,5508.08
9830.0,1.4640625378703476e-09,G0I,5508.08
9835.0,1.4594823127822565e-09,G0I,5508.08
9840.0,1.4617346222323135e-09,G0I,5508.08
9845.0,1.4661702962825984e-09,G0I,5508.08
9850.0,1.4710080931124025e-09,G0I,5508.08
9855.0,1.4651401203380487e-09,G0I,5508.08
9860.0,1.4584758956104338e-09,G0I,5508.08
9865.0,1.4549906834915305e-09,G0I,5508.08
9870.0,1.4510894708053002e-09,G0I,5508.08
9875.0,1.4561015726499704e-09,G0I,5508.08
9880.0,1.4300222117569206e-09,G0I,5508.08
9885.0,1.4245461477102594e-09,G0I,5508.08
9890.0,1.435378815806132e-09,G0I,5508.08
9895.0,1.4430964201395113e-09,G0I,5508.08
9900.0,1.4411255522261968e-09,G0I,5508.08
9905.0,1.4401965175991904e-09,G0I,5508.08
9910.0,1.4443372053918324e-09,G0I,5508.08
9915.0,1.4448383600651482e-09,G0I,5508.08
9920.0,1.4410849180634955e-09,G0I,5508.08
9925.0,1.4290963967766857e-09,G0I,5508.08
9930.0,1.4220915556251157e-09,G0I,5508.08
9935.0,1.426974538532022e-09,G0I,5508.08
9940.0,1.4294262440373018e-09,G0I,5508.08
9945.0,1.426302187468309e-09,G0I,5508.08
9950.0,1.4242761414706706e-09,G0I,5508.08
9955.0,1.4215879584611457e-09,G0I,5508.08
9960.0,1.416534445297657e-09,G0I,5508.08
9965.0,1.422275963669506e-09,G0I,5508.08
9970.0,1.4201553266701694e-09,G0I,5508.08
9975.0,1.4283336735587682e-09,G0I,5508.08
9980.0,1.4277177218247061e-09,G0I,5508.08
9985.0,1.4201156917081903e-09,G0I,5508.08
9990.0,1.4202689024855886e-09,G0I,5508.08
9995.0,1.4125870473336022e-09,G0I,5508.08
10000.0,1.4058040287423523e-09,G0I,5508.08
10005.0,1.3983894042723932e-09,G0I,5508.08
10010.0,1.3911028995394759e-09,G0I,5508.08
10015.0,1.401325278038712e-09,G0I,5508.08
10020.0,1.393255621984224e-09,G0I,5508.08
10025.0,1.393076765054957e-09,G0I,5508.08
10030.0,1.3671290766126276e-09,G0I,5508.08
10035.0,1.3669058107623755e-09,G0I,5508.08
10040.0,1.3695112821565658e-09,G0I,5508.08
10045.0,1.3277946520062756e-09,G0I,5508.08
10050.0,1.333510857293163e-09,G0I,5508.08
10055.0,1.3408101295908637e-09,G0I,5508.08
10060.0,1.3499857898224832e-09,G0I,5508.08
10065.0,1.35174982318631e-09,G0I,5508.08
10070.0,1.3548537847185571e-09,G0I,5508.08
10075.0,1.3723593372816367e-09,G0I,5508.08
10080.0,1.3742371685054877e-09,G0I,5508.08
10085.0,1.37197175842374e-09,G0I,5508.08
10090.0,1.381441072645373e-09,G0I,5508.08
10095.0,1.3820889988025442e-09,G0I,5508.08
10100.0,1.37071298755842e-09,G0I,5508.08
10105.0,1.379177994031977e-09,G0I,5508.08
10110.0,1.3800850462430958e-09,G0I,5508.08
10115.0,1.3725155456612015e-09,G0I,5508.08
10120.0,1.3822166744503761e-09,G0I,5508.08
10125.0,1.3891472416815986e-09,G0I,5508.08
10130.0,1.3642567076033174e-09,G0I,5508.08
10135.0,1.3698491230229592e-09,G0I,5508.08
10140.0,1.3710047541692916e-09,G0I,5508.08
10145.0,1.3687299071918346e-09,G0I,5508.08
10150.0,1.3662314612972182e-09,G0I,5508.08
10155.0,1.3638691287454208e-09,G0I,5508.08
10160.0,1.3616645588854226e-09,G0I,5508.08
10165.0,1.3595996550819223e-09,G0I,5508.08
10170.0,1.3576587631902726e-09,G0I,5508.08
10175.0,1.3558321132478568e-09,G0I,5508.08
10180.0,1.3540946142143184e-09,G0I,5508.08
10185.0,1.3524347197702014e-09,G0I,5508.08
10190.0,1.3508359986147411e-09,G0I,5508.08
10195.0,1.3492789108227043e-09,G0I,5508.08
10200.0,1.3477515770077275e-09,G0I,5508.08
10205.0,1.3462387871143733e-09,G0I,5508.08
10210.0,1.344736766384358e-09,G0I,5508.08
10215.0,1.3432471801522183e-09,G0I,5508.08
10220.0,1.341761479700665e-09,G0I,5508.08
10225.0,1.3402838838771913e-09,G0I,5508.08
10230.0,1.3388133934810753e-09,G0I,5508.08
10235.0,1.337348121133175e-09,G0I,5508.08
10240.0,1.335889621145725e-09,G0I,5508.08
10245.0,1.3344348959165586e-09,G0I,5508.08
10250.0,1.3329809478435095e-09,G0I,5508.08
10255.0,1.331529553283417e-09,G0I,5508.08
10260.0,1.3300808232585837e-09,G0I,5508.08
10265.0,1.3286279854085592e-09,G0I,5508.08
10270.0,1.3271693743988067e-09,G0I,5508.08
10275.0,1.3257055453408384e-09,G0I,5508.08
10280.0,1.3242317242756485e-09,G0I,5508.08
10285.0,1.3227466899579099e-09,G0I,5508.08
10290.0,1.3212511085214373e-09,G0I,5508.08
10295.0,1.3197363202266388e-09,G0I,5508.08
10300.0,1.3182096525454767e-09,G0I,5508.08
10305.0,1.316662667782964e-09,G0I,5508.08
10310.0,1.3151072453254642e-09,G0I,5508.08
10315.0,1.3135502685557299e-09,G0I,5508.08
10320.0,1.3120055042392664e-09,G0I,5508.08
10325.0,1.3104731744206788e-09,G0I,5508.08
10330.0,1.30897415129283e-09,G0I,5508.08
10335.0,1.3075155402830774e-09,G0I,5508.08
10340.0,1.3060997838820754e-09,G0I,5508.08
10345.0,1.3047434244128908e-09,G0I,5508.08
10350.0,1.303448460276968e-09,G0I,5508.08
10355.0,1.3022301015297444e-09,G0I,5508.08
10360.0,1.3010708066474308e-09,G0I,5508.08
10365.0,1.2999615828235278e-09,G0I,5508.08
10370.0,1.298882890132802e-09,G0I,5508.08
10375.0,1.2978270680363835e-09,G0I,5508.08
10380.0,1.2967777962558102e-09,G0I,5508.08
10385.0,1.2957186434903178e-09,G0I,5508.08
10390.0,1.2946380634204502e-09,G0I,5508.08
10395.0,1.2935216231468871e-09,G0I,5508.08
10400.0,1.2923538905695864e-09,G0I,5508.08
10405.0,1.2911320901309864e-09,G0I,5508.08
10410.0,1.2898430101770941e-09,G0I,5508.08
10415.0,1.2884938671575696e-09,G0I,5508.08
10420.0,1.287087547652277e-09,G0I,5508.08
10425.0,1.2856262721072653e-09,G0I,5508.08
10430.0,1.2841167018606825e-09,G0I,5508.08
10435.0,1.28255439602043e-09,G0I,5508.08
10440.0,1.2809439065009087e-09,G0I,5508.08
10445.0,1.279285788413631e-09,G0I,5508.08
10450.0,1.2775877022974669e-09,G0I,5508.08
10455.0,1.2758496481524162e-09,G0I,5508.08
10460.0,1.2740729582461086e-09,G0I,5508.08
10465.0,1.2722686237864878e-09,G0I,5508.08
10470.0,1.2704365337512513e-09,G0I,5508.08
10475.0,1.2685783534749362e-09,G0I,5508.08
10480.0,1.2667065174554182e-09,G0I,5508.08
10485.0,1.264821913871117e-09,G0I,5508.08
10490.0,1.2629278733911065e-09,G0I,5508.08
10495.0,1.2610286148628802e-09,G0I,5508.08
10500.0,1.2591312437137958e-09,G0I,5508.08
10505.0,1.2572387575460198e-09,G0I,5508.08
10510.0,1.2553489359135028e-09,G0I,5508.08
10515.0,1.2534697724220223e-09,G0I,5508.08
10520.0,1.2515933844881033e-09,G0I,5508.08
10525.0,1.2497203272232582e-09,G0I,5508.08
10530.0,1.2478555966310978e-09,G0I,5508.08
10535.0,1.2459960840871531e-09,G0I,5508.08
10540.0,1.24413934710077e-09,G0I,5508.08
10545.0,1.2422906037201642e-09,G0I,5508.08
10550.0,1.240447522476984e-09,G0I,5508.08
10555.0,1.2386108805273466e-09,G0I,5508.08
10560.0,1.2367782353805978e-09,G0I,5508.08
10565.0,1.2349491429475279e-09,G0I,5508.08
10570.0,1.2331244914065564e-09,G0I,5508.08
10575.0,1.2313077224490598e-09,G0I,5508.08
10580.0,1.2294953943836617e-09,G0I,5508.08
10585.0,1.2276897276564114e-09,G0I,5508.08
10590.0,1.2258868364867226e-09,G0I,5508.08
10595.0,1.2240888302983421e-09,G0I,5508.08
10600.0,1.2222982626042267e-09,G0I,5508.08
10605.0,1.2205116917129999e-09,G0I,5508.08
10610.0,1.2187317821599208e-09,G0I,5508.08
10615.0,1.2169570906550575e-09,G0I,5508.08
10620.0,9.115388999170193e-10,G0I,5508.08
