mjd,mJyas2,mJyas2_err
53630.944414676254,9.419040117514154,0.2221697320240076
54116.07041479684,7.751733336326541,0.24418287500724833
54431.9116871638,7.718324750402876,0.2524171255349033
54753.56187736708,10.068718189507129,0.33174410245555125
54926.78298947489,9.006656768888499,0.2717442590333137
55062.92027698481,10.454484232965687,0.2990219255257627
55422.07339459622,8.6013454839031,0.2610052387357705
55701.55045660043,8.085132004606344,0.24809965698317268
55912.63068910521,10.93413298249206,0.2675819582507666
56201.00625384847,11.600279258376247,0.09571576323687869
56327.670357622635,12.550259647863689,0.07037634173374271
56356.27695047494,12.560722716428794,0.06949687206634816
56390.35432460992,12.531469655409413,0.08041025355867487
56440.368549886385,12.634184899194913,0.07732571862932014
56492.18747385778,12.423216672015158,0.06532007646657031
56498.15156072076,12.011311220164943,0.08953825314263282
56555.45162405104,12.581676133019636,0.0737677507323615
56626.75958866015,13.509114844593825,0.075161780863497
56673.70090985341,15.047341553557324,0.06502585638542702
56706.044192509245,15.713796040285095,0.08078822687402645
56739.88348928148,16.427316699814348,0.0826335455293103
56770.27167491232,16.578641386004303,0.06480322369659601
56820.20058302802,16.45969609754796,0.06898459343048359
56856.522957952555,17.078105731840584,0.07737231867186843
56896.31177622983,15.896311116842266,0.08153727125053989
56952.79976873425,15.872102298437705,0.09816456569435575
56993.8181974007,16.868358825573402,0.07358776978718727
57009.952216473685,16.683883566956773,0.07387089338471042
57034.30374998638,16.934412356201495,0.09779024510657883
57057.84778957085,20.129323346891915,0.09245578632434932
57064.912882088625,16.76151185905461,0.0808880267630057
57085.20717465813,18.14472629673888,0.08087658210443611
57093.37430709177,19.774965436252668,0.09598228229299068
57125.12979604838,21.417899373279973,0.11570690164473107
57176.00259284807,23.714030535241534,0.26488887671475775
57221.1523394231,25.234097997724177,0.13551834088534953
57352.41911593987,47.81819910053059,0.11950449930179459
57416.9619397143,56.058455982237916,0.1397358772885372
57450.17791303825,58.07084553790391,0.11115519826564817
57461.34715553834,55.45278816877522,0.17161717233941517
57535.03271571959,51.337802763650444,0.1068385284588002
57545.0006757209,49.84897957140337,0.14203566557883007
57553.560805596884,49.26714083051607,0.09643696769094767
57605.51995195259,44.22212726564747,0.16110504148229507
57658.56523320239,39.74992791261573,0.16387244012125532
57688.97724955753,38.4501660447687,0.1466532382822274
57718.55752523949,38.90642468483363,0.11440389799269163
57756.249694813385,35.11216483329029,0.16617667548583498
57761.217761279455,33.85250771484922,0.19070888328508587
57765.5718712092,35.241901920372754,0.10232632984707156
57773.54603068791,33.59007294796961,0.10523392671763267
57782.66796922464,34.259945708573696,0.10880734482079635
57797.918740013774,33.06194025522644,0.08464218166207968
57810.57035814076,32.95687434523004,0.10180399263174976
57824.75827358424,31.776599865657005,0.08292751865099961
57831.75634505921,31.89054751339886,0.11477177871317955
57834.33684545522,32.38224666674123,0.11742459776110345
57851.35663666397,31.15515996061816,0.10814655155540889
57859.372042937204,31.680107670352537,0.12531275024916855
57873.50278862347,27.685350897589597,0.1625856344673375
57875.070620117775,28.003414884452972,0.14439273781390286
57880.003091272156,27.996315351524746,0.11340266674084576
57884.02837962829,27.284083478070738,0.22481555061138095
57884.073878502975,28.392073046165844,0.197092181731154
57884.14010338229,27.890645228424905,0.13376334281619023
57887.06650195138,29.151785814144624,0.15675428933597604
57902.22301071167,26.702963661783674,0.09956333165232034
57936.93428009843,25.823927731593127,0.12942230436974858
57948.110616984166,27.639716935459777,0.0974194025870513
58019.480443870605,29.313613028268914,0.3348633288464821
58095.59613264681,26.510905450219926,0.09278292419061064
58165.023465718295,25.620164467234364,0.10001617890369471
58188.462667885775,26.404013714814017,0.06994459203671641
58195.58053757328,26.72380401740979,0.08499476580505316
58228.84462969456,25.66636001900682,0.08851034553698706
58244.417236003224,24.917701831388403,0.10138540240863735
58260.68929209538,23.73015722940336,0.09611029113140787
58274.08463112027,23.8223784105172,0.09327078722625581
58317.03875524528,24.498570886995335,0.07765349678911754
58333.17395898294,24.524518878231945,0.10108122755953568
58394.06153599728,23.71074115635073,0.08924356487183051
58455.35950418714,23.493836137338793,0.10460405946960964
58490.77086449565,22.799248675441532,0.06166477693602178
58539.954863384795,21.771137853900125,0.09027216911310301
58560.838452277465,22.83647618808303,0.08229464235801304
58578.32787851157,22.260046008498637,0.0914988662061808
58581.95261009512,23.1417855306628,0.14302190968416734
58602.55840320426,22.008069878685767,0.06073503969981002
58646.33190983381,21.812966913570126,0.09996574628835739
58686.40055625248,21.94595186833476,0.06298343835491821
58711.55586176911,22.010455619371584,0.06482548532607851
58732.4752915722,22.7771659863617,0.08420701222590839
58765.46798669007,21.828530834106534,0.06245910138052841
58819.541363532335,19.54492092618099,0.07351176870221594
58827.297245834736,20.31995502144927,0.07676169443467937
58841.13272760075,20.36645054775766,0.06681475921273813
58848.8859070874,20.69487440728632,0.06433725793501387
58853.78863495747,20.341525294551225,0.0829598360234562
58864.1079124295,20.4540822718926,0.07462881947319201
58881.06342679698,20.22853609259653,0.0785883501702073
58902.83900574791,20.521722120004043,0.07264196560844888
58949.93454572938,20.27491568975349,0.05340277160450869
59032.63760340773,20.398028921272065,0.04709748135175058
59135.94325732401,20.975366060724625,0.06004180584845151
59182.43310658676,21.519416056192423,0.07668398907274905
59257.553475991306,21.425583439189225,0.07267147523941124
59323.657121821845,21.856438650487064,0.07788934437707377
59413.35946047837,22.25127103257471,0.05210467458584514
59471.324036604405,21.840539268510703,0.06737533163293336
59523.34262870914,20.63132103770257,0.12796628656850814
59581.9033772963,21.883918108754944,0.10174319015964337
59686.71897659754,20.027583505647865,0.05701926604318764
59768.88868166463,19.899597658821236,0.052605615423341946
59819.3903403621,20.093609433713027,0.051359353277168916
59891.309927111375,19.96758315325536,0.08788250095865753
59958.10472024107,21.38590486563425,0.11737577730925404
60097.05925519508,21.052520151380577,0.0652727746535845
60153.175945739924,21.155219482636575,0.08465497890138127
60201.67054518326,21.372831046809743,0.0572072245622068
60347.61463402581,20.848828222142913,0.08753170732788372
60425.543786113485,21.243415275546386,0.1327715765901685
60462.93274959482,20.937210394812457,0.0474636874183357
60508.37929060255,21.349502658950364,0.10048228949619432
60685.49201077744,21.206249567161894,0.04886747903872087
60827.80015859088,22.145171070105103,0.17450109291756544
60841.29081028406,21.62081865000013,0.11916930174166508
60861.67091816048,20.966007484608184,0.07376949034279355
60920.9128137161,21.47627464498636,0.11344046005519352
60988.34845599645,20.017731981763465,0.12377676485469946
60989.00081235699,20.234021326574254,0.11849555211321616
61062.566893237534,18.981372298929248,0.15585538275853095
61167.196555510105,19.331581312823143,0.13170444610174922
61210.38510664202,20.60998046579576,0.07584153286325762
61264.15084317201,21.02464589593297,0.15713494933232997
61293.82412911004,21.125219826701226,0.11647615707848377
61340.62169196258,21.563104764006155,0.1471705421579255
61443.388156138,21.214369151278948,0.10881673393021711
61498.31940712957,21.20260167462253,0.13644053760904826
61519.623043355736,19.428479357987598,0.14777743304002444
61530.512856888905,19.5165847322036,0.1586842685590122
61550.858838697066,20.91571598149313,0.11454259282581061
61554.156759078985,20.939256265749464,0.11793407889869946
61556.26301387409,20.576560508284263,0.1251791311088487
61567.00951545711,21.21779771814544,0.12357637479988899
61585.19458809787,21.138138793341746,0.12495621772474201
61588.18425652136,21.530689964648978,0.14580598157669802
61601.7641616348,21.06358186261236,0.148291080034812
61617.014068631615,20.094104468471038,0.13124799930591838
61629.45811396016,19.80784672968326,0.13675281328151861
61674.49885160698,19.978532220024878,0.1509699057395065
61698.96368528469,20.124763952147354,0.15163438838167478
61698.99595458065,20.025400241221302,0.15108168838149105
61830.72782474934,18.839805162033578,0.12436959339186596
61888.03536945876,18.646718618459182,0.11326159842197095
61926.772746544535,18.60797678947104,0.1553862401290977
61943.17445976904,17.771316775061994,0.11596665031263396
61955.68277882501,17.57618855561415,0.13659221896647938
62035.453169144224,17.308141547728688,0.4447020087439095
62035.96196777094,16.64485606144536,0.25780039957943995
62035.992608074026,16.94703745565003,0.12580516690184682
62037.99424782168,17.211032875496286,0.12931098838281996
62049.63120375346,17.631079805123345,0.17847780933505558
62131.80428818678,17.05633549030402,0.20839556938720988
62264.17099557346,13.80598293966826,0.12264437390823082
62265.71671588722,13.719416929358731,0.15186524956287314
62269.28567421852,13.9947775334538,0.11127229437729658
62279.54210408237,14.496307361272288,0.1183050567881245
62294.78657061156,14.882504487134122,0.12317170075355462
62296.838647209755,14.310416783486836,0.136781970903574
62311.70847390832,14.45566617741325,0.15002735063875675
62322.34064585409,15.103250268343457,0.17123013770834947
62323.644884629146,15.131201900794117,0.1401408673154944
62324.280374109,14.509891517517692,0.13894427985785268
62343.06349293247,13.157872046153022,0.12876781119200265
62348.60720130922,12.902154036186362,0.1325167998630241
62370.09275480067,14.475828537898307,0.17153532673925237
62373.07484072732,14.785958161194717,0.1830486425673825
62374.97217129751,13.753687013600667,0.40532302140431087
62375.01575385402,14.109990252603875,0.35160134721045955
62375.01870600002,14.03542197903934,0.32198232233158725
62375.03241941507,13.890431652623647,0.2894538142439779
62375.08275241526,14.386070100413802,0.2868115239249133
62375.09773117567,14.22713605895018,0.17892244346196215
62375.124201817714,14.926912224123525,0.3289858506866718
62381.95586613338,13.509974889883855,0.1434981698849313
62388.148496000766,14.270491635704127,0.12038871076109998
62423.07222729903,14.305302221684627,0.15918408852530386
62510.69677403815,15.915736226567793,0.22625174966215655
62683.119441145245,8.070076135737741,0.12950990070127305
62683.61307906994,7.935389819343066,0.13887669967751903
62713.67700115072,8.046370061361639,0.14180472124429672
62733.422151328705,9.113477391061425,0.179779729247078
62750.52242366659,7.689531166893129,0.19786997751630592
62761.0837194149,7.0971347865387715,0.17654290313410595
62788.27120913299,7.426754970123794,0.21438062427238505
62823.679187981455,6.557423861836355,0.17855604762258342
62986.02693410701,2.595846629747078,0.10918595438482549
63037.47394790345,1.838112526997642,0.15224549531131024
63051.99686668158,1.8219657770558708,0.12168669795903701
63072.22436900598,-0.3810072337382689,0.14248499836692344
63072.22869782879,0.6633849706743085,0.1532319139385127
63072.2326154864,1.3610020856149727,0.21244178867656602
63072.237456244264,1.1005214909839451,0.2540570353133501
63077.89770343218,0.39604264442828124,0.13986774194608365
63133.035655601896,1.24568819587278,0.3320140465649442
63202.79025965552,2.85549716998819,0.3565937556412707
63318.26228500001,3.0250242695985174,0.1654759878235521
63318.265960390534,2.486912838660482,0.13289006230558817
63330.969026916595,1.2234312435849282,0.12328125481711752
63340.28515328612,1.1894226170477615,0.09557874516939834
63340.3497428728,1.3431515805873333,0.1847880662958592
63348.02070253003,1.1851172320732641,0.12225961269637092
63348.31332148683,1.3845852993063195,0.1052376193222368
63354.699473956956,0.6221018861663273,0.13122289647462002
63372.685625996455,-0.9537961646506519,0.1583322208345089
63395.739772414665,0.41841324837738625,0.1277103053710391
63615.50220388375,-0.18543056615303222,0.15716755830648
63709.348001079336,1.2567929898357766,0.14426579428361108
63799.98837094797,2.140499642822627,0.20826146458026226
63805.462271016244,1.6803514096133334,0.15394749298958088
63976.832246120524,0.7272673240767473,0.3475057036307402
64070.86793937419,1.308665188838589,0.18757779089505028
64095.982752779775,1.9790805233312985,0.1660683649365509
64267.6592667055,3.461374116166673,0.17878122558251477
64439.59160274898,1.1082529297511579,0.1949709651291082
64591.55447235524,0.35359833251063066,0.25691449201112093
64653.416703175615,2.344620209369281,0.24642632067521356
64869.18218970589,0.7020557839027558,0.3041305940533249
64933.351670377175,-0.3797136823288389,0.2621494012093052
64992.54559116057,-1.4498420111703259,0.2099130213611474
65177.23570005922,-1.2170041885386138,0.2623793846346257
