wavelength_A,flux,flux_err
3.60000000e+03,2.02393652e-16,
3.60200000e+03,3.51208414e-17,
3.60400000e+03,2.15917777e-16,
3.60600000e+03,5.36698770e-17,
3.60800000e+03,2.51458830e-16,
3.61000000e+03,5.77235748e-17,
3.61200000e+03,2.32070087e-16,
3.61400000e+03,1.59484578e-16,
3.61600000e+03,-5.58124303e-17,
3.61800000e+03,3.67347998e-17,
3.62000000e+03,7.50500771e-17,
3.62200000e+03,2.41199828e-17,
3.62400000e+03,3.44137741e-17,
3.62600000e+03,8.50494599e-17,
3.62800000e+03,1.91419110e-16,
3.63000000e+03,-2.66903572e-17,
3.63200000e+03,1.13604377e-16,
3.63400000e+03,-2.07791807e-17,
3.63600000e+03,5.75885260e-17,
3.63800000e+03,5.39705869e-17,
3.64000000e+03,-4.69525715e-17,
3.64200000e+03,8.05590934e-17,
3.64400000e+03,3.62467500e-17,
3.64600000e+03,1.75921613e-17,
3.64800000e+03,7.30608004e-17,
3.65000000e+03,5.69309505e-17,
3.65200000e+03,-2.63535343e-17,
3.65400000e+03,2.29394075e-17,
3.65600000e+03,7.04818034e-17,
3.65800000e+03,3.35641669e-17,
3.66000000e+03,7.57637355e-17,
3.66200000e+03,3.24230514e-17,
3.66400000e+03,3.66345786e-17,
3.66600000e+03,-1.50632021e-17,
3.66800000e+03,4.80048850e-18,
3.67000000e+03,2.99810455e-17,
3.67200000e+03,8.39363990e-17,
3.67400000e+03,1.66278507e-17,
3.67600000e+03,8.00743507e-18,
3.67800000e+03,3.74557903e-17,
3.68000000e+03,3.26142856e-17,
3.68200000e+03,1.46672126e-17,
3.68400000e+03,5.30835118e-17,
3.68600000e+03,2.95586143e-17,
3.68800000e+03,4.95712301e-17,
3.69000000e+03,4.02265608e-17,
3.69200000e+03,-1.96332129e-17,
3.69400000e+03,5.55195488e-17,
3.69600000e+03,3.37206761e-17,
3.69800000e+03,6.09120583e-17,
3.70000000e+03,5.91382787e-17,
3.70200000e+03,1.23297583e-16,
3.70400000e+03,2.44559323e-17,
3.70600000e+03,-8.76187424e-18,
3.70800000e+03,-1.47089521e-17,
3.71000000e+03,5.82025058e-17,
3.71200000e+03,-1.31529938e-18,
3.71400000e+03,5.10727714e-17,
3.71600000e+03,4.71092064e-17,
3.71800000e+03,1.19272827e-17,
3.72000000e+03,1.41958368e-16,
3.72200000e+03,2.65686389e-16,
3.72400000e+03,3.73440918e-16,
3.72600000e+03,3.12578504e-16,
3.72800000e+03,4.58891164e-16,
3.73000000e+03,2.40418602e-16,
3.73200000e+03,3.69245987e-16,
3.73400000e+03,1.43812258e-16,
3.73600000e+03,2.02229745e-17,
3.73800000e+03,3.18893346e-17,
3.74000000e+03,-2.22681438e-17,
3.74200000e+03,3.15038089e-17,
3.74400000e+03,1.13110125e-17,
3.74600000e+03,1.40872630e-17,
3.74800000e+03,4.72625459e-17,
3.75000000e+03,1.64706764e-17,
3.75200000e+03,2.38403544e-17,
3.75400000e+03,5.39641978e-17,
3.75600000e+03,-9.57759427e-18,
3.75800000e+03,2.86574804e-17,
3.76000000e+03,-6.27568282e-18,
3.76200000e+03,1.34586850e-20,
3.76400000e+03,1.69222972e-17,
3.76600000e+03,3.31969682e-17,
3.76800000e+03,6.95348785e-18,
3.77000000e+03,9.58048030e-18,
3.77200000e+03,2.97256452e-17,
3.77400000e+03,2.06906078e-17,
3.77600000e+03,1.16192001e-17,
3.77800000e+03,6.98085016e-18,
3.78000000e+03,8.00283511e-18,
3.78200000e+03,-7.56858515e-18,
3.78400000e+03,1.39169796e-17,
3.78600000e+03,9.16854684e-18,
3.78800000e+03,1.88837807e-17,
3.79000000e+03,-9.96828573e-18,
3.79200000e+03,5.04271503e-17,
3.79400000e+03,-6.54850395e-18,
3.79600000e+03,2.43688616e-17,
3.79800000e+03,2.94570034e-17,
3.80000000e+03,9.56053615e-18,
3.80200000e+03,1.92390332e-17,
3.80400000e+03,2.32205447e-17,
3.80600000e+03,1.14013480e-17,
3.80800000e+03,-2.95529233e-17,
3.81000000e+03,1.61851519e-17,
3.81200000e+03,4.20034473e-17,
3.81400000e+03,1.66303388e-17,
3.81600000e+03,3.53419700e-17,
3.81800000e+03,4.33283905e-18,
3.82000000e+03,2.42159043e-17,
3.82200000e+03,2.54404642e-17,
3.82400000e+03,2.19697235e-17,
3.82600000e+03,5.82533623e-19,
3.82800000e+03,1.55443069e-17,
3.83000000e+03,-1.94529951e-17,
3.83200000e+03,5.81389849e-17,
3.83400000e+03,2.24336792e-17,
3.83600000e+03,2.90685032e-17,
3.83800000e+03,-3.52048358e-18,
3.84000000e+03,1.25420574e-17,
3.84200000e+03,2.06967041e-17,
3.84400000e+03,-5.57786250e-18,
3.84600000e+03,9.10340967e-18,
3.84800000e+03,7.30405940e-18,
3.85000000e+03,1.40295936e-17,
3.85200000e+03,3.46845036e-17,
3.85400000e+03,-5.06153045e-20,
3.85600000e+03,-8.33334671e-18,
3.85800000e+03,6.10169977e-17,
3.86000000e+03,9.99625767e-18,
3.86200000e+03,2.17727255e-17,
3.86400000e+03,7.31017392e-18,
3.86600000e+03,1.77471236e-17,
3.86800000e+03,3.69549556e-17,
3.87000000e+03,3.51971339e-17,
3.87200000e+03,9.08989520e-18,
3.87400000e+03,2.05891905e-17,
3.87600000e+03,1.22415584e-17,
3.87800000e+03,-1.73722487e-18,
3.88000000e+03,-1.85379613e-17,
3.88200000e+03,3.56495687e-17,
3.88400000e+03,8.31534494e-17,
3.88600000e+03,6.07992242e-17,
3.88800000e+03,6.78933105e-17,
3.89000000e+03,1.26903800e-16,
3.89200000e+03,6.51503729e-17,
3.89400000e+03,1.86429966e-17,
3.89600000e+03,1.34879310e-17,
3.89800000e+03,1.35263485e-17,
3.90000000e+03,1.65513447e-17,
3.90200000e+03,-5.31703394e-20,
3.90400000e+03,-9.65065805e-21,
3.90600000e+03,1.52803023e-17,
3.90800000e+03,2.53270891e-17,
3.91000000e+03,-1.70425511e-17,
3.91200000e+03,1.97081125e-17,
3.91400000e+03,2.13873619e-17,
3.91600000e+03,2.90732909e-17,
3.91800000e+03,-7.89415020e-18,
3.92000000e+03,1.42599221e-17,
3.92200000e+03,5.00621742e-18,
3.92400000e+03,5.34302324e-19,
3.92600000e+03,-1.00647573e-17,
3.92800000e+03,1.30434686e-17,
3.93000000e+03,5.07372280e-18,
3.93200000e+03,6.58309002e-18,
3.93400000e+03,4.68099606e-18,
3.93600000e+03,3.09505409e-17,
3.93800000e+03,3.71051451e-17,
3.94000000e+03,1.30521615e-17,
3.94200000e+03,1.44399480e-17,
3.94400000e+03,5.60060522e-19,
3.94600000e+03,6.14595112e-18,
3.94800000e+03,-1.10325777e-17,
3.95000000e+03,1.63716712e-17,
3.95200000e+03,7.95807389e-18,
3.95400000e+03,-4.28197654e-18,
3.95600000e+03,6.85970873e-18,
3.95800000e+03,1.53113845e-17,
3.96000000e+03,5.07578637e-17,
3.96200000e+03,4.06794554e-17,
3.96400000e+03,3.01848496e-17,
3.96600000e+03,5.78373155e-17,
3.96800000e+03,7.14292429e-17,
3.97000000e+03,2.93107711e-17,
3.97200000e+03,5.00994213e-17,
3.97400000e+03,3.34742127e-17,
3.97600000e+03,2.89754553e-17,
3.97800000e+03,2.21877600e-17,
3.98000000e+03,1.02312010e-17,
3.98200000e+03,1.29161109e-17,
3.98400000e+03,9.02038804e-18,
3.98600000e+03,-4.63462018e-18,
3.98800000e+03,1.48954301e-17,
3.99000000e+03,1.08911281e-17,
3.99200000e+03,4.27183531e-18,
3.99400000e+03,1.22760030e-17,
3.99600000e+03,3.33956285e-18,
3.99800000e+03,1.79332889e-17,
4.00000000e+03,-4.97778267e-18,
4.00200000e+03,2.95692833e-18,
4.00400000e+03,-5.17741196e-18,
4.00600000e+03,-5.05423484e-18,
4.00800000e+03,2.58453525e-17,
4.01000000e+03,1.20043089e-17,
4.01200000e+03,4.76056546e-18,
4.01400000e+03,1.02228406e-17,
4.01600000e+03,5.43566809e-18,
4.01800000e+03,7.72969677e-18,
4.02000000e+03,-2.64820508e-18,
4.02200000e+03,1.56966901e-17,
4.02400000e+03,-2.96216148e-18,
4.02600000e+03,1.12231030e-17,
4.02800000e+03,2.04964238e-17,
4.03000000e+03,5.80710486e-18,
4.03200000e+03,-4.93226954e-18,
4.03400000e+03,5.33443111e-18,
4.03600000e+03,-3.21852916e-18,
4.03800000e+03,-3.74631133e-18,
4.04000000e+03,1.24477315e-17,
4.04200000e+03,2.51967668e-17,
4.04400000e+03,1.08296388e-17,
4.04600000e+03,1.00690256e-17,
4.04800000e+03,-2.74995636e-18,
4.05000000e+03,1.30650547e-17,
4.05200000e+03,-5.76933207e-18,
4.05400000e+03,-4.43284932e-18,
4.05600000e+03,2.61912493e-18,
4.05800000e+03,2.36204733e-19,
4.06000000e+03,2.88109357e-17,
4.06200000e+03,3.78064884e-18,
4.06400000e+03,1.02223245e-19,
4.06600000e+03,2.72533657e-18,
4.06800000e+03,6.43424259e-18,
4.07000000e+03,-6.90200951e-19,
4.07200000e+03,-8.62425589e-19,
4.07400000e+03,6.98856672e-19,
4.07600000e+03,-5.30622921e-18,
4.07800000e+03,-1.13508929e-19,
4.08000000e+03,1.11716904e-17,
4.08200000e+03,9.18052028e-18,
4.08400000e+03,-2.31675836e-18,
4.08600000e+03,1.17573622e-18,
4.08800000e+03,5.09701042e-19,
4.09000000e+03,1.76971107e-17,
4.09200000e+03,-1.11680947e-17,
4.09400000e+03,3.36469114e-17,
4.09600000e+03,4.30021753e-17,
4.09800000e+03,4.05133311e-17,
4.10000000e+03,1.35291265e-16,
4.10200000e+03,8.92601335e-17,
4.10400000e+03,4.59114588e-17,
4.10600000e+03,3.57948811e-17,
4.10800000e+03,4.51829791e-18,
4.11000000e+03,4.05248231e-18,
4.11200000e+03,-2.43504581e-18,
4.11400000e+03,1.90020365e-18,
4.11600000e+03,5.20445456e-18,
4.11800000e+03,9.79550342e-18,
4.12000000e+03,5.09340267e-18,
4.12200000e+03,-2.76671235e-18,
4.12400000e+03,7.32054480e-19,
4.12600000e+03,-1.02208389e-17,
4.12800000e+03,-2.34272066e-18,
4.13000000e+03,1.64339066e-17,
4.13200000e+03,-2.73228530e-18,
4.13400000e+03,1.66205334e-17,
4.13600000e+03,-2.29681028e-18,
4.13800000e+03,3.30855867e-17,
4.14000000e+03,-1.82001986e-18,
4.14200000e+03,8.65798449e-18,
4.14400000e+03,-8.48949215e-19,
4.14600000e+03,-1.05264457e-17,
4.14800000e+03,-1.66564138e-18,
4.15000000e+03,1.13451800e-17,
4.15200000e+03,1.69566517e-17,
4.15400000e+03,-1.21243264e-18,
4.15600000e+03,-1.30949484e-18,
4.15800000e+03,1.28668474e-17,
4.16000000e+03,9.83586652e-18,
4.16200000e+03,-5.90263016e-18,
4.16400000e+03,2.06160518e-20,
4.16600000e+03,1.02740431e-17,
4.16800000e+03,1.90843620e-17,
4.17000000e+03,9.50548914e-19,
4.17200000e+03,-2.25708224e-18,
4.17400000e+03,2.97414878e-18,
4.17600000e+03,-3.63891475e-18,
4.17800000e+03,9.86233300e-18,
4.18000000e+03,2.46185428e-17,
4.18200000e+03,2.64372321e-18,
4.18400000e+03,-6.21856290e-19,
4.18600000e+03,6.61077824e-18,
4.18800000e+03,8.33503316e-17,
4.19000000e+03,2.48713254e-18,
4.19200000e+03,3.95011209e-18,
4.19400000e+03,-8.08093420e-18,
4.19600000e+03,6.00975790e-18,
4.19800000e+03,6.98848669e-18,
4.20000000e+03,4.85347604e-18,
4.20200000e+03,2.18878177e-17,
4.20400000e+03,1.34147983e-17,
4.20600000e+03,7.18293369e-18,
4.20800000e+03,5.33701315e-18,
4.21000000e+03,1.10839770e-17,
4.21200000e+03,1.07009775e-17,
4.21400000e+03,-1.11113323e-19,
4.21600000e+03,4.81380198e-18,
4.21800000e+03,1.39603140e-17,
4.22000000e+03,6.37207294e-18,
4.22200000e+03,1.32273534e-17,
4.22400000e+03,2.15027565e-18,
4.22600000e+03,-1.18451792e-17,
4.22800000e+03,8.35277553e-18,
4.23000000e+03,3.81091052e-19,
4.23200000e+03,4.54345909e-18,
4.23400000e+03,-3.21260303e-18,
4.23600000e+03,1.27213736e-17,
4.23800000e+03,1.22416519e-17,
4.24000000e+03,-8.33256833e-18,
4.24200000e+03,-7.39719994e-18,
4.24400000e+03,1.39724553e-17,
4.24600000e+03,8.21146578e-18,
4.24800000e+03,-5.29454735e-18,
4.25000000e+03,6.40876378e-19,
4.25200000e+03,2.45807658e-18,
4.25400000e+03,-4.83077241e-18,
4.25600000e+03,1.14037187e-18,
4.25800000e+03,3.69461461e-19,
4.26000000e+03,1.37268323e-17,
4.26200000e+03,3.05540955e-18,
4.26400000e+03,7.34445146e-18,
4.26600000e+03,1.23606666e-17,
4.26800000e+03,1.19839661e-17,
4.27000000e+03,7.89486323e-18,
4.27200000e+03,5.61046748e-18,
4.27400000e+03,1.02387564e-17,
4.27600000e+03,1.78162313e-17,
4.27800000e+03,4.72674618e-18,
4.28000000e+03,2.60891921e-17,
4.28200000e+03,-2.18075705e-18,
4.28400000e+03,1.54974736e-17,
4.28600000e+03,1.83009012e-17,
4.28800000e+03,2.38415559e-18,
4.29000000e+03,-4.85881384e-18,
4.29200000e+03,8.13536103e-18,
4.29400000e+03,2.73954609e-17,
4.29600000e+03,6.56805188e-18,
4.29800000e+03,3.08787081e-18,
4.30000000e+03,-1.30199707e-18,
4.30200000e+03,1.91066769e-18,
4.30400000e+03,1.48025079e-17,
4.30600000e+03,2.39889061e-17,
4.30800000e+03,8.32023341e-18,
4.31000000e+03,9.41695000e-18,
4.31200000e+03,9.92296203e-18,
4.31400000e+03,1.37808877e-17,
4.31600000e+03,4.55700417e-18,
4.31800000e+03,1.38905992e-17,
4.32000000e+03,-3.28118995e-18,
4.32200000e+03,-4.85669915e-18,
4.32400000e+03,-4.88486010e-18,
4.32600000e+03,1.18274370e-17,
4.32800000e+03,1.19569040e-17,
4.33000000e+03,1.01785294e-17,
4.33200000e+03,-7.03183344e-18,
4.33400000e+03,3.17616775e-17,
4.33600000e+03,1.43164556e-16,
4.33800000e+03,1.61189258e-16,
4.34000000e+03,2.08181323e-16,
4.34200000e+03,1.76332844e-16,
4.34400000e+03,1.04390723e-16,
4.34600000e+03,1.68390481e-17,
4.34800000e+03,1.17480145e-17,
4.35000000e+03,7.29461631e-18,
4.35200000e+03,2.04152030e-17,
4.35400000e+03,5.83729860e-18,
4.35600000e+03,1.92967208e-17,
4.35800000e+03,1.87951780e-17,
4.36000000e+03,8.03437220e-18,
4.36200000e+03,1.10740773e-17,
4.36400000e+03,2.09917876e-17,
4.36600000e+03,1.80591428e-17,
4.36800000e+03,2.03479846e-17,
4.37000000e+03,1.43217141e-17,
4.37200000e+03,2.11966480e-18,
4.37400000e+03,2.68713215e-19,
4.37600000e+03,9.07616731e-18,
4.37800000e+03,1.95355510e-17,
4.38000000e+03,2.15107905e-17,
4.38200000e+03,-4.75893964e-18,
4.38400000e+03,1.58279472e-17,
4.38600000e+03,9.34442198e-18,
4.38800000e+03,1.35351076e-17,
4.39000000e+03,-3.63590092e-18,
4.39200000e+03,1.13334108e-17,
4.39400000e+03,1.35162396e-17,
4.39600000e+03,1.46725578e-17,
4.39800000e+03,1.24089202e-17,
4.40000000e+03,1.19656618e-18,
4.40200000e+03,2.04799398e-17,
4.40400000e+03,7.41914421e-18,
4.40600000e+03,3.43085939e-18,
4.40800000e+03,1.66133982e-17,
4.41000000e+03,1.22204032e-17,
4.41200000e+03,1.54755616e-17,
4.41400000e+03,7.27245035e-18,
4.41600000e+03,1.11121715e-17,
4.41800000e+03,4.73796523e-18,
4.42000000e+03,-1.45863975e-18,
4.42200000e+03,2.95766431e-18,
4.42400000e+03,1.90528051e-17,
4.42600000e+03,4.93685419e-18,
4.42800000e+03,-5.44818995e-18,
4.43000000e+03,6.87677760e-18,
4.43200000e+03,1.89616729e-17,
4.43400000e+03,7.00503940e-18,
4.43600000e+03,1.84643389e-17,
4.43800000e+03,3.43023735e-18,
4.44000000e+03,1.07029892e-17,
4.44200000e+03,9.55909768e-18,
4.44400000e+03,1.82369353e-17,
4.44600000e+03,1.50013720e-17,
4.44800000e+03,1.82993742e-17,
4.45000000e+03,8.93133129e-18,
4.45200000e+03,6.91753196e-18,
4.45400000e+03,6.61201156e-18,
4.45600000e+03,1.73840608e-17,
4.45800000e+03,-4.87231673e-18,
4.46000000e+03,7.03026427e-18,
4.46200000e+03,7.32577703e-18,
4.46400000e+03,8.83837770e-18,
4.46600000e+03,3.17340199e-17,
4.46800000e+03,3.19961402e-17,
4.47000000e+03,3.93525882e-17,
4.47200000e+03,3.26587317e-17,
4.47400000e+03,2.80371677e-17,
4.47600000e+03,9.61116622e-18,
4.47800000e+03,1.67181027e-17,
4.48000000e+03,2.50110913e-17,
4.48200000e+03,1.23171925e-17,
4.48400000e+03,1.04243576e-17,
4.48600000e+03,1.26533413e-17,
4.48800000e+03,1.19282761e-17,
4.49000000e+03,1.32173015e-17,
4.49200000e+03,1.57714259e-17,
4.49400000e+03,1.85054365e-17,
4.49600000e+03,1.43411430e-17,
4.49800000e+03,1.50614601e-17,
4.50000000e+03,1.62962125e-17,
4.50200000e+03,1.19839082e-17,
4.50400000e+03,2.60839412e-17,
4.50600000e+03,5.23833588e-18,
4.50800000e+03,2.97038440e-17,
4.51000000e+03,6.18677001e-18,
4.51200000e+03,1.84590085e-17,
4.51400000e+03,1.62303639e-17,
4.51600000e+03,1.35004661e-17,
4.51800000e+03,8.54805798e-18,
4.52000000e+03,1.31758514e-17,
4.52200000e+03,1.46938925e-17,
4.52400000e+03,3.16803536e-18,
4.52600000e+03,2.51625530e-17,
4.52800000e+03,1.67633296e-17,
4.53000000e+03,8.40663491e-18,
4.53200000e+03,1.55216720e-17,
4.53400000e+03,8.06186190e-18,
4.53600000e+03,1.96403812e-17,
4.53800000e+03,1.51344108e-17,
4.54000000e+03,1.88693017e-17,
4.54200000e+03,1.01827009e-17,
4.54400000e+03,1.01533682e-17,
4.54600000e+03,1.12919724e-17,
4.54800000e+03,1.96113654e-17,
4.55000000e+03,1.87493555e-17,
4.55200000e+03,2.27186429e-17,
4.55400000e+03,1.81520054e-17,
4.55600000e+03,1.06810292e-17,
4.55800000e+03,9.58094683e-18,
4.56000000e+03,2.06163485e-17,
4.56200000e+03,2.38390160e-17,
4.56400000e+03,1.85840154e-17,
4.56600000e+03,1.42856226e-17,
4.56800000e+03,1.53406121e-17,
4.57000000e+03,2.29561132e-17,
4.57200000e+03,2.10166807e-17,
4.57400000e+03,1.80379703e-17,
4.57600000e+03,8.51316088e-18,
4.57800000e+03,8.05208793e-18,
4.58000000e+03,2.14095502e-17,
4.58200000e+03,1.39398760e-17,
4.58400000e+03,1.93390030e-17,
4.58600000e+03,2.17142405e-17,
4.58800000e+03,1.29184337e-17,
4.59000000e+03,1.92959879e-17,
4.59200000e+03,2.21262923e-17,
4.59400000e+03,1.18839020e-17,
4.59600000e+03,6.68844636e-18,
4.59800000e+03,1.62484477e-17,
4.60000000e+03,2.08872452e-17,
4.60200000e+03,1.27195794e-17,
4.60400000e+03,1.80641654e-17,
4.60600000e+03,2.22476148e-17,
4.60800000e+03,2.70808957e-17,
4.61000000e+03,2.89524629e-17,
4.61200000e+03,2.60275722e-17,
4.61400000e+03,2.02975812e-17,
4.61600000e+03,2.45764244e-17,
4.61800000e+03,2.18789967e-17,
4.62000000e+03,3.60659284e-17,
4.62200000e+03,1.96762230e-17,
4.62400000e+03,3.12520118e-17,
4.62600000e+03,2.83979839e-17,
4.62800000e+03,1.81710537e-17,
4.63000000e+03,2.64517057e-17,
4.63200000e+03,2.48298841e-17,
4.63400000e+03,2.79723664e-17,
4.63600000e+03,2.47832890e-17,
4.63800000e+03,3.46266473e-17,
4.64000000e+03,2.06446215e-17,
4.64200000e+03,2.77121404e-17,
4.64400000e+03,1.54987739e-17,
4.64600000e+03,1.81988321e-17,
4.64800000e+03,1.40117596e-17,
4.65000000e+03,2.10804216e-17,
4.65200000e+03,3.64236343e-17,
4.65400000e+03,2.62790086e-17,
4.65600000e+03,3.34365329e-17,
4.65800000e+03,2.93111053e-17,
4.66000000e+03,2.10177677e-17,
4.66200000e+03,1.54328046e-17,
4.66400000e+03,1.65307546e-17,
4.66600000e+03,1.94016255e-17,
4.66800000e+03,2.62734218e-17,
4.67000000e+03,2.44588605e-17,
4.67200000e+03,2.99008090e-17,
4.67400000e+03,4.20604864e-17,
4.67600000e+03,2.13094646e-17,
4.67800000e+03,3.18834749e-17,
4.68000000e+03,3.34435044e-17,
4.68200000e+03,3.11467647e-17,
4.68400000e+03,3.96762739e-17,
4.68600000e+03,2.88362705e-17,
4.68800000e+03,2.84301546e-17,
4.69000000e+03,3.00993389e-17,
4.69200000e+03,3.16687388e-17,
4.69400000e+03,2.10857387e-17,
4.69600000e+03,2.66270696e-17,
4.69800000e+03,2.69627462e-17,
4.70000000e+03,2.99399280e-17,
4.70200000e+03,2.35236187e-17,
4.70400000e+03,2.81991429e-17,
4.70600000e+03,2.15818734e-17,
4.70800000e+03,2.82182177e-17,
4.71000000e+03,2.45891100e-17,
4.71200000e+03,2.09612580e-17,
4.71400000e+03,3.10166855e-17,
4.71600000e+03,3.68445435e-17,
4.71800000e+03,2.89532405e-17,
4.72000000e+03,2.32248162e-17,
4.72200000e+03,2.09114733e-17,
4.72400000e+03,3.73712591e-17,
4.72600000e+03,2.88871819e-17,
4.72800000e+03,2.90073910e-17,
4.73000000e+03,2.71640985e-17,
4.73200000e+03,2.47395295e-17,
4.73400000e+03,2.49267552e-17,
4.73600000e+03,2.38022975e-17,
4.73800000e+03,2.33616865e-17,
4.74000000e+03,3.07744838e-17,
4.74200000e+03,2.81379812e-17,
4.74400000e+03,3.09463785e-17,
4.74600000e+03,2.93678267e-17,
4.74800000e+03,3.14817860e-17,
4.75000000e+03,4.14131282e-17,
4.75200000e+03,3.38665841e-17,
4.75400000e+03,3.40635987e-17,
4.75600000e+03,2.46181540e-17,
4.75800000e+03,3.29875062e-17,
4.76000000e+03,2.77970935e-17,
4.76200000e+03,2.41172515e-17,
4.76400000e+03,3.15117730e-17,
4.76600000e+03,3.57857325e-17,
4.76800000e+03,4.19266519e-17,
4.77000000e+03,2.60250062e-17,
4.77200000e+03,3.87703060e-17,
4.77400000e+03,2.32872121e-17,
4.77600000e+03,4.04567519e-17,
4.77800000e+03,3.43501804e-17,
4.78000000e+03,3.63046229e-17,
4.78200000e+03,2.78838085e-17,
4.78400000e+03,2.82952845e-17,
4.78600000e+03,2.59807984e-17,
4.78800000e+03,4.30860216e-17,
4.79000000e+03,3.58011512e-17,
4.79200000e+03,3.09066738e-17,
4.79400000e+03,2.84512544e-17,
4.79600000e+03,3.51732979e-17,
4.79800000e+03,3.10290469e-17,
4.80000000e+03,3.23089865e-17,
4.80200000e+03,3.07536917e-17,
4.80400000e+03,3.13855949e-17,
4.80600000e+03,2.81523311e-17,
4.80800000e+03,4.11787615e-17,
4.81000000e+03,3.36391360e-17,
4.81200000e+03,3.55141857e-17,
4.81400000e+03,3.41321985e-17,
4.81600000e+03,3.99890409e-17,
4.81800000e+03,2.60126531e-17,
4.82000000e+03,2.62679393e-17,
4.82200000e+03,2.92422607e-17,
4.82400000e+03,2.94158231e-17,
4.82600000e+03,3.70100822e-17,
4.82800000e+03,3.77573175e-17,
4.83000000e+03,3.95326952e-17,
4.83200000e+03,3.38913499e-17,
4.83400000e+03,3.22525827e-17,
4.83600000e+03,2.81308608e-17,
4.83800000e+03,3.40799372e-17,
4.84000000e+03,4.21923952e-17,
4.84200000e+03,2.88263609e-17,
4.84400000e+03,2.88814842e-17,
4.84600000e+03,3.68323410e-17,
4.84800000e+03,3.16507129e-17,
4.85000000e+03,3.72699625e-17,
4.85200000e+03,2.88765675e-17,
4.85400000e+03,5.57002315e-17,
4.85600000e+03,1.43641263e-16,
4.85800000e+03,3.57881055e-16,
4.86000000e+03,4.64890433e-16,
4.86200000e+03,4.80920426e-16,
4.86400000e+03,3.11557326e-16,
4.86600000e+03,1.11848874e-16,
4.86800000e+03,2.72669418e-17,
4.87000000e+03,3.06799337e-17,
4.87200000e+03,3.19276496e-17,
4.87400000e+03,3.66223595e-17,
4.87600000e+03,3.22054467e-17,
4.87800000e+03,3.13680884e-17,
4.88000000e+03,2.74577261e-17,
4.88200000e+03,2.57084872e-17,
4.88400000e+03,3.13193377e-17,
4.88600000e+03,2.97870584e-17,
4.88800000e+03,4.44805356e-17,
4.89000000e+03,3.44332525e-17,
4.89200000e+03,4.80115248e-17,
4.89400000e+03,4.84659845e-17,
4.89600000e+03,4.21041119e-17,
4.89800000e+03,5.07322774e-17,
4.90000000e+03,3.87459307e-17,
4.90200000e+03,3.88718044e-17,
4.90400000e+03,4.47200904e-17,
4.90600000e+03,3.64588789e-17,
4.90800000e+03,4.20545506e-17,
4.91000000e+03,3.00555215e-17,
4.91200000e+03,3.17810931e-17,
4.91400000e+03,3.73927856e-17,
4.91600000e+03,2.69392691e-17,
4.91800000e+03,3.26313851e-17,
4.92000000e+03,3.52214994e-17,
4.92200000e+03,4.04287668e-17,
4.92400000e+03,3.83679389e-17,
4.92600000e+03,4.97980133e-17,
4.92800000e+03,4.90365604e-17,
4.93000000e+03,3.35849788e-17,
4.93200000e+03,3.13615967e-17,
4.93400000e+03,3.87264059e-17,
4.93600000e+03,4.09456819e-17,
4.93800000e+03,2.96718619e-17,
4.94000000e+03,3.14297895e-17,
4.94200000e+03,4.79759230e-17,
4.94400000e+03,4.13310455e-17,
4.94600000e+03,4.52520338e-17,
4.94800000e+03,4.19436587e-17,
4.95000000e+03,5.41806378e-17,
4.95200000e+03,5.98795516e-17,
4.95400000e+03,1.32064401e-16,
4.95600000e+03,2.53904452e-16,
4.95800000e+03,3.16074632e-16,
4.96000000e+03,3.00235963e-16,
4.96200000e+03,2.09746388e-16,
4.96400000e+03,9.53363177e-17,
4.96600000e+03,4.07244838e-17,
4.96800000e+03,4.30325858e-17,
4.97000000e+03,4.41780721e-17,
4.97200000e+03,4.47987818e-17,
4.97400000e+03,4.90612931e-17,
4.97600000e+03,3.41931815e-17,
4.97800000e+03,3.53034200e-17,
4.98000000e+03,3.16947023e-17,
4.98200000e+03,3.00902366e-17,
4.98400000e+03,3.81300418e-17,
4.98600000e+03,2.53055229e-17,
4.98800000e+03,3.82291711e-17,
4.99000000e+03,4.06287129e-17,
4.99200000e+03,3.36846540e-17,
4.99400000e+03,2.75774853e-17,
4.99600000e+03,4.07478070e-17,
4.99800000e+03,4.24602463e-17,
5.00000000e+03,1.17797348e-16,
5.00200000e+03,3.45485469e-16,
5.00400000e+03,7.01364297e-16,
5.00600000e+03,9.05056292e-16,
5.00800000e+03,8.16603977e-16,
5.01000000e+03,5.20290729e-16,
5.01200000e+03,1.73029442e-16,
5.01400000e+03,5.92775296e-17,
5.01600000e+03,4.65966291e-17,
5.01800000e+03,5.13743714e-17,
5.02000000e+03,4.61940138e-17,
5.02200000e+03,3.90594255e-17,
5.02400000e+03,3.82523520e-17,
5.02600000e+03,5.14288065e-17,
5.02800000e+03,4.30168164e-17,
5.03000000e+03,3.87217307e-17,
5.03200000e+03,2.66951350e-17,
5.03400000e+03,3.78983849e-17,
5.03600000e+03,3.60626428e-17,
5.03800000e+03,3.84396224e-17,
5.04000000e+03,4.58690046e-17,
5.04200000e+03,4.55021666e-17,
5.04400000e+03,5.32094021e-17,
5.04600000e+03,5.09426592e-17,
5.04800000e+03,4.57137726e-17,
5.05000000e+03,5.39984066e-17,
5.05200000e+03,6.19966178e-17,
5.05400000e+03,5.90936440e-17,
5.05600000e+03,4.44954514e-17,
5.05800000e+03,4.96362796e-17,
5.06000000e+03,3.66630105e-17,
5.06200000e+03,4.41244278e-17,
5.06400000e+03,4.43771182e-17,
5.06600000e+03,4.12238991e-17,
5.06800000e+03,4.04332600e-17,
5.07000000e+03,3.80094521e-17,
5.07200000e+03,3.64054066e-17,
5.07400000e+03,3.71550539e-17,
5.07600000e+03,3.72023653e-17,
5.07800000e+03,4.29562436e-17,
5.08000000e+03,3.65745849e-17,
5.08200000e+03,4.55193785e-17,
5.08400000e+03,3.89689187e-17,
5.08600000e+03,4.48453719e-17,
5.08800000e+03,5.27438053e-17,
5.09000000e+03,5.84789694e-17,
5.09200000e+03,4.59679189e-17,
5.09400000e+03,4.57267527e-17,
5.09600000e+03,4.51421511e-17,
5.09800000e+03,4.34710411e-17,
5.10000000e+03,3.42388485e-17,
5.10200000e+03,3.96239266e-17,
5.10400000e+03,3.47009513e-17,
5.10600000e+03,4.39036301e-17,
5.10800000e+03,4.03342663e-17,
5.11000000e+03,4.54035203e-17,
5.11200000e+03,4.58254155e-17,
5.11400000e+03,5.28272612e-17,
5.11600000e+03,4.68265059e-17,
5.11800000e+03,3.84721901e-17,
5.12000000e+03,3.14177126e-17,
5.12200000e+03,4.24895218e-17,
5.12400000e+03,3.44278130e-17,
5.12600000e+03,3.30113125e-17,
5.12800000e+03,4.14682284e-17,
5.13000000e+03,4.29658885e-17,
5.13200000e+03,4.39621581e-17,
5.13400000e+03,5.40138881e-17,
5.13600000e+03,4.19526651e-17,
5.13800000e+03,4.04319531e-17,
5.14000000e+03,4.37908490e-17,
5.14200000e+03,3.66253109e-17,
5.14400000e+03,3.45799249e-17,
5.14600000e+03,3.21106882e-17,
5.14800000e+03,2.89863674e-17,
5.15000000e+03,4.16628872e-17,
5.15200000e+03,4.65981941e-17,
5.15400000e+03,5.18137432e-17,
5.15600000e+03,5.36870492e-17,
5.15800000e+03,4.22924014e-17,
5.16000000e+03,3.16499122e-17,
5.16200000e+03,3.80415864e-17,
5.16400000e+03,3.18244539e-17,
5.16600000e+03,2.96948774e-17,
5.16800000e+03,3.19176474e-17,
5.17000000e+03,4.19243755e-17,
5.17200000e+03,4.77295886e-17,
5.17400000e+03,5.66383403e-17,
5.17600000e+03,4.95727554e-17,
5.17800000e+03,3.73759343e-17,
5.18000000e+03,3.68311829e-17,
5.18200000e+03,3.99034475e-17,
5.18400000e+03,4.77873059e-17,
5.18600000e+03,4.35276170e-17,
5.18800000e+03,3.76660464e-17,
5.19000000e+03,3.35106781e-17,
5.19200000e+03,3.46238316e-17,
5.19400000e+03,4.59001033e-17,
5.19600000e+03,4.72458831e-17,
5.19800000e+03,4.71992864e-17,
5.20000000e+03,4.83303235e-17,
5.20200000e+03,4.29578152e-17,
5.20400000e+03,3.92731955e-17,
5.20600000e+03,3.32636224e-17,
5.20800000e+03,4.01329471e-17,
5.21000000e+03,5.09660783e-17,
5.21200000e+03,4.90685094e-17,
5.21400000e+03,4.64062849e-17,
5.21600000e+03,4.53608841e-17,
5.21800000e+03,4.47856958e-17,
5.22000000e+03,3.56616951e-17,
5.22200000e+03,4.00801201e-17,
5.22400000e+03,3.53291784e-17,
5.22600000e+03,3.68311829e-17,
5.22800000e+03,5.32809234e-17,
5.23000000e+03,5.77491115e-17,
5.23200000e+03,4.44996567e-17,
5.23400000e+03,4.54437875e-17,
5.23600000e+03,6.13426488e-17,
5.23800000e+03,4.99220076e-17,
5.24000000e+03,5.20968872e-17,
5.24200000e+03,5.38730127e-17,
5.24400000e+03,5.81908855e-17,
5.24600000e+03,4.25348712e-17,
5.24800000e+03,3.76320559e-17,
5.25000000e+03,3.86100679e-17,
5.25200000e+03,5.14568115e-17,
5.25400000e+03,4.68171521e-17,
5.25600000e+03,4.69866944e-17,
5.25800000e+03,4.43630065e-17,
5.26000000e+03,4.52467233e-17,
5.26200000e+03,3.84965126e-17,
5.26400000e+03,3.10053565e-17,
5.26600000e+03,3.83937966e-17,
5.26800000e+03,4.01867271e-17,
5.27000000e+03,3.40697629e-17,
5.27200000e+03,5.41456779e-17,
5.27400000e+03,5.43057870e-17,
5.27600000e+03,5.37013264e-17,
5.27800000e+03,6.20387378e-17,
5.28000000e+03,6.14238647e-17,
5.28200000e+03,6.17224372e-17,
5.28400000e+03,7.43537168e-17,
5.28600000e+03,4.29346840e-17,
5.28800000e+03,5.90051092e-17,
5.29000000e+03,5.02230782e-17,
5.29200000e+03,4.86671217e-17,
5.29400000e+03,5.14359368e-17,
5.29600000e+03,5.23951950e-17,
5.29800000e+03,4.82207784e-17,
5.30000000e+03,4.67421897e-17,
5.30200000e+03,5.06587112e-17,
5.30400000e+03,5.40641510e-17,
5.30600000e+03,5.75133386e-17,
5.30800000e+03,4.60040766e-17,
5.31000000e+03,5.60252076e-17,
5.31200000e+03,4.72093846e-17,
5.31400000e+03,5.32692535e-17,
5.31600000e+03,5.96580723e-17,
5.31800000e+03,3.87767580e-17,
5.32000000e+03,4.28013061e-17,
5.32200000e+03,4.27547722e-17,
5.32400000e+03,4.36994786e-17,
5.32600000e+03,4.33024485e-17,
5.32800000e+03,4.98344588e-17,
5.33000000e+03,5.46537487e-17,
5.33200000e+03,4.77234211e-17,
5.33400000e+03,4.77701006e-17,
5.33600000e+03,5.00117501e-17,
5.33800000e+03,5.18346312e-17,
5.34000000e+03,5.98584221e-17,
5.34200000e+03,6.38594021e-17,
5.34400000e+03,6.25103764e-17,
5.34600000e+03,6.43696336e-17,
5.34800000e+03,5.80547515e-17,
5.35000000e+03,7.36237464e-17,
5.35200000e+03,7.52187823e-17,
5.35400000e+03,7.25795269e-17,
5.35600000e+03,6.30001467e-17,
5.35800000e+03,6.22187257e-17,
5.36000000e+03,5.95940089e-17,
5.36200000e+03,4.92417078e-17,
5.36400000e+03,5.34755193e-17,
5.36600000e+03,5.58505004e-17,
5.36800000e+03,6.61108421e-17,
5.37000000e+03,6.82249371e-17,
5.37200000e+03,7.74089845e-17,
5.37400000e+03,7.05063674e-17,
5.37600000e+03,6.45181158e-17,
5.37800000e+03,6.04433910e-17,
5.38000000e+03,6.06981626e-17,
5.38200000e+03,6.66755815e-17,
5.38400000e+03,5.95835930e-17,
5.38600000e+03,5.79591823e-17,
5.38800000e+03,5.36663863e-17,
5.39000000e+03,5.28430504e-17,
5.39200000e+03,4.68608570e-17,
5.39400000e+03,5.18332647e-17,
5.39600000e+03,5.75860511e-17,
5.39800000e+03,5.56696986e-17,
5.40000000e+03,4.90589274e-17,
5.40200000e+03,4.44919209e-17,
5.40400000e+03,5.12505159e-17,
5.40600000e+03,5.31638509e-17,
5.40800000e+03,5.96407810e-17,
5.41000000e+03,5.59864624e-17,
5.41200000e+03,5.85168543e-17,
5.41400000e+03,4.85053847e-17,
5.41600000e+03,5.32783558e-17,
5.41800000e+03,6.24091559e-17,
5.42000000e+03,6.04373493e-17,
5.42200000e+03,6.21168965e-17,
5.42400000e+03,5.48622214e-17,
5.42600000e+03,5.08368892e-17,
5.42800000e+03,4.32318900e-17,
5.43000000e+03,4.78895786e-17,
5.43200000e+03,6.35883912e-17,
5.43400000e+03,7.87172599e-17,
5.43600000e+03,6.92774351e-17,
5.43800000e+03,7.35941863e-17,
5.44000000e+03,6.54482903e-17,
5.44200000e+03,6.14061366e-17,
5.44400000e+03,6.37074523e-17,
5.44600000e+03,6.38597859e-17,
5.44800000e+03,6.42446433e-17,
5.45000000e+03,6.72169083e-17,
5.45200000e+03,6.26865857e-17,
5.45400000e+03,6.75915020e-17,
5.45600000e+03,6.76655314e-17,
5.45800000e+03,7.38697499e-17,
5.46000000e+03,7.74708443e-17,
5.46200000e+03,7.04206913e-17,
5.46400000e+03,7.81400335e-17,
5.46600000e+03,6.55447197e-17,
5.46800000e+03,5.81341608e-17,
5.47000000e+03,5.76688684e-17,
5.47200000e+03,5.47579206e-17,
5.47400000e+03,5.45810462e-17,
5.47600000e+03,6.62815126e-17,
5.47800000e+03,6.28886361e-17,
5.48000000e+03,6.46811961e-17,
5.48200000e+03,7.82164650e-17,
5.48400000e+03,6.56823030e-17,
5.48600000e+03,6.72654738e-17,
5.48800000e+03,7.25695081e-17,
5.49000000e+03,6.88913601e-17,
5.49200000e+03,6.37483812e-17,
5.49400000e+03,6.86248756e-17,
5.49600000e+03,6.69211284e-17,
5.49800000e+03,7.22840182e-17,
5.50000000e+03,6.67084768e-17,
5.50200000e+03,6.39961516e-17,
5.50400000e+03,6.72119585e-17,
5.50600000e+03,6.74114215e-17,
5.50800000e+03,5.74751956e-17,
5.51000000e+03,6.94417727e-17,
5.51200000e+03,7.88791359e-17,
5.51400000e+03,7.58286526e-17,
5.51600000e+03,7.22197496e-17,
5.51800000e+03,7.60205784e-17,
5.52000000e+03,6.54734432e-17,
5.52200000e+03,6.64692165e-17,
5.52400000e+03,5.08851403e-17,
5.52600000e+03,6.83778199e-17,
5.52800000e+03,6.75090884e-17,
5.53000000e+03,7.63379047e-17,
5.53200000e+03,7.45003395e-17,
5.53400000e+03,7.90095525e-17,
5.53600000e+03,7.83916287e-17,
5.53800000e+03,6.97085418e-17,
5.54000000e+03,7.78075466e-17,
5.54200000e+03,7.13315429e-17,
5.54400000e+03,8.22401957e-17,
5.54600000e+03,7.73815949e-17,
5.54800000e+03,8.07933642e-17,
5.55000000e+03,7.69260500e-17,
5.55200000e+03,8.01807542e-17,
5.55400000e+03,7.50725897e-17,
5.55600000e+03,8.08308255e-17,
5.55800000e+03,7.00253652e-17,
5.56000000e+03,5.86933812e-17,
5.56200000e+03,7.30333645e-17,
5.56400000e+03,6.82770627e-17,
5.56600000e+03,7.09688739e-17,
5.56800000e+03,6.86058174e-17,
5.57000000e+03,7.78181345e-17,
5.57200000e+03,6.83163174e-17,
5.57400000e+03,1.09233574e-16,
5.57600000e+03,9.18976220e-17,
5.57800000e+03,1.01259414e-16,
5.58000000e+03,8.16605009e-17,
5.58200000e+03,5.04035591e-17,
5.58400000e+03,5.80092301e-17,
5.58600000e+03,5.46974437e-17,
5.58800000e+03,6.65526161e-17,
5.59000000e+03,7.21848294e-17,
5.59200000e+03,7.54289655e-17,
5.59400000e+03,8.08941214e-17,
5.59600000e+03,8.18343412e-17,
5.59800000e+03,7.26154662e-17,
5.60000000e+03,7.20355795e-17,
5.60200000e+03,8.51472194e-17,
5.60400000e+03,7.89535557e-17,
5.60600000e+03,8.38943055e-17,
5.60800000e+03,8.63321656e-17,
5.61000000e+03,7.92204438e-17,
5.61200000e+03,7.10169562e-17,
5.61400000e+03,7.07383155e-17,
5.61600000e+03,6.91948758e-17,
5.61800000e+03,7.81064102e-17,
5.62000000e+03,7.47811905e-17,
5.62200000e+03,6.74470101e-17,
5.62400000e+03,7.27315825e-17,
5.62600000e+03,9.07100620e-17,
5.62800000e+03,8.84859056e-17,
5.63000000e+03,9.72557671e-17,
5.63200000e+03,7.50343011e-17,
5.63400000e+03,6.81901823e-17,
5.63600000e+03,6.87279820e-17,
5.63800000e+03,6.02783850e-17,
5.64000000e+03,8.11607779e-17,
5.64200000e+03,8.21028639e-17,
5.64400000e+03,9.30530808e-17,
5.64600000e+03,1.00136923e-16,
5.64800000e+03,7.81909349e-17,
5.65000000e+03,7.26548069e-17,
5.65200000e+03,6.63919379e-17,
5.65400000e+03,5.63307880e-17,
5.65600000e+03,5.64534224e-17,
5.65800000e+03,7.63501337e-17,
5.66000000e+03,6.11219438e-17,
5.66200000e+03,6.65023368e-17,
5.66400000e+03,6.90404379e-17,
5.66600000e+03,8.25310787e-17,
5.66800000e+03,7.74048353e-17,
5.67000000e+03,8.23230196e-17,
5.67200000e+03,8.54804144e-17,
5.67400000e+03,7.78108884e-17,
5.67600000e+03,7.63340930e-17,
5.67800000e+03,7.10514596e-17,
5.68000000e+03,6.36274011e-17,
5.68200000e+03,7.16756037e-17,
5.68400000e+03,5.91791943e-17,
5.68600000e+03,7.04135445e-17,
5.68800000e+03,7.91261651e-17,
5.69000000e+03,8.15884634e-17,
5.69200000e+03,7.35439400e-17,
5.69400000e+03,7.46050870e-17,
5.69600000e+03,6.45652254e-17,
5.69800000e+03,7.98930277e-17,
5.70000000e+03,7.08050921e-17,
5.70200000e+03,6.14382312e-17,
5.70400000e+03,6.80917676e-17,
5.70600000e+03,6.55627390e-17,
5.70800000e+03,7.46745107e-17,
5.71000000e+03,7.23270118e-17,
5.71200000e+03,8.40147496e-17,
5.71400000e+03,8.74745417e-17,
5.71600000e+03,8.87654067e-17,
5.71800000e+03,8.35847546e-17,
5.72000000e+03,8.47473404e-17,
5.72200000e+03,8.38273369e-17,
5.72400000e+03,6.93576848e-17,
5.72600000e+03,8.44134109e-17,
5.72800000e+03,7.47701526e-17,
5.73000000e+03,8.09268844e-17,
5.73200000e+03,8.96398292e-17,
5.73400000e+03,8.21183884e-17,
5.73600000e+03,7.76238000e-17,
5.73800000e+03,7.98600199e-17,
5.74000000e+03,8.13245399e-17,
5.74200000e+03,7.61024626e-17,
5.74400000e+03,7.28593257e-17,
5.74600000e+03,7.27199292e-17,
5.74800000e+03,7.40063340e-17,
5.75000000e+03,8.22939426e-17,
5.75200000e+03,8.59951325e-17,
5.75400000e+03,8.67804577e-17,
5.75600000e+03,8.86600702e-17,
5.75800000e+03,9.24036977e-17,
5.76000000e+03,8.80426030e-17,
5.76200000e+03,8.82057230e-17,
5.76400000e+03,8.25683813e-17,
5.76600000e+03,8.48818202e-17,
5.76800000e+03,8.77523288e-17,
5.77000000e+03,8.59362174e-17,
5.77200000e+03,8.69165389e-17,
5.77400000e+03,8.00153843e-17,
5.77600000e+03,7.12781004e-17,
5.77800000e+03,7.16819168e-17,
5.78000000e+03,7.79424498e-17,
5.78200000e+03,8.11626970e-17,
5.78400000e+03,7.49593321e-17,
5.78600000e+03,8.96403785e-17,
5.78800000e+03,8.82577428e-17,
5.79000000e+03,7.94562300e-17,
5.79200000e+03,7.83641729e-17,
5.79400000e+03,8.70007194e-17,
5.79600000e+03,7.69768256e-17,
5.79800000e+03,8.05089265e-17,
5.80000000e+03,8.12264759e-17,
5.80200000e+03,8.73471691e-17,
5.80400000e+03,8.04895507e-17,
5.80600000e+03,7.23686487e-17,
5.80800000e+03,8.79448700e-17,
5.81000000e+03,9.22369580e-17,
5.81200000e+03,9.33187646e-17,
5.81400000e+03,8.74660184e-17,
5.81600000e+03,8.60632723e-17,
5.81800000e+03,8.94144457e-17,
5.82000000e+03,8.82452226e-17,
5.82200000e+03,9.18222625e-17,
5.82400000e+03,9.14255401e-17,
5.82600000e+03,9.47293921e-17,
5.82800000e+03,8.48658853e-17,
5.83000000e+03,9.12298755e-17,
5.83200000e+03,9.91075466e-17,
5.83400000e+03,8.73246963e-17,
5.83600000e+03,8.81745218e-17,
5.83800000e+03,8.82424432e-17,
5.84000000e+03,8.27516779e-17,
5.84200000e+03,7.80948098e-17,
5.84400000e+03,8.04408066e-17,
5.84600000e+03,8.08553829e-17,
5.84800000e+03,7.14120111e-17,
5.85000000e+03,7.65923057e-17,
5.85200000e+03,8.09720947e-17,
5.85400000e+03,8.42140008e-17,
5.85600000e+03,8.56203733e-17,
5.85800000e+03,8.99746918e-17,
5.86000000e+03,9.15433240e-17,
5.86200000e+03,9.34278333e-17,
5.86400000e+03,9.10094616e-17,
5.86600000e+03,1.02493991e-16,
5.86800000e+03,9.55963568e-17,
5.87000000e+03,1.21664332e-16,
5.87200000e+03,1.43774949e-16,
5.87400000e+03,1.74976202e-16,
5.87600000e+03,1.54647729e-16,
5.87800000e+03,1.34932706e-16,
5.88000000e+03,8.86365650e-17,
5.88200000e+03,5.95143679e-17,
5.88400000e+03,4.96351811e-17,
5.88600000e+03,3.58578296e-17,
5.88800000e+03,4.28490708e-17,
5.89000000e+03,5.77840119e-17,
5.89200000e+03,5.59174028e-17,
5.89400000e+03,8.52318433e-17,
5.89600000e+03,1.07007737e-16,
5.89800000e+03,1.08583212e-16,
5.90000000e+03,1.04758950e-16,
5.90200000e+03,1.04050427e-16,
5.90400000e+03,1.01332934e-16,
5.90600000e+03,1.00895084e-16,
5.90800000e+03,9.63457891e-17,
5.91000000e+03,9.47508194e-17,
5.91200000e+03,9.07367766e-17,
5.91400000e+03,9.75313639e-17,
5.91600000e+03,9.58754078e-17,
5.91800000e+03,8.90672614e-17,
5.92000000e+03,8.46892128e-17,
5.92200000e+03,9.75607122e-17,
5.92400000e+03,8.41652832e-17,
5.92600000e+03,8.49090576e-17,
5.92800000e+03,8.48379333e-17,
5.93000000e+03,8.87594708e-17,
5.93200000e+03,8.15288071e-17,
5.93400000e+03,8.34175186e-17,
5.93600000e+03,9.19764887e-17,
5.93800000e+03,9.50840475e-17,
5.94000000e+03,8.71789206e-17,
5.94200000e+03,9.67695438e-17,
5.94400000e+03,8.91533279e-17,
5.94600000e+03,8.63463467e-17,
5.94800000e+03,7.53212799e-17,
5.95000000e+03,8.53135356e-17,
5.95200000e+03,9.09395814e-17,
5.95400000e+03,8.57347228e-17,
5.95600000e+03,1.01002154e-16,
5.95800000e+03,9.98170690e-17,
5.96000000e+03,1.02731676e-16,
5.96200000e+03,9.48837175e-17,
5.96400000e+03,9.41445357e-17,
5.96600000e+03,8.47253308e-17,
5.96800000e+03,1.00009233e-16,
5.97000000e+03,9.86721981e-17,
5.97200000e+03,8.72466700e-17,
5.97400000e+03,9.42536905e-17,
5.97600000e+03,8.72791947e-17,
5.97800000e+03,7.66593802e-17,
5.98000000e+03,8.85949280e-17,
5.98200000e+03,8.35663184e-17,
5.98400000e+03,9.06854384e-17,
5.98600000e+03,9.59086473e-17,
5.98800000e+03,8.87374149e-17,
5.99000000e+03,9.52772504e-17,
5.99200000e+03,9.99734393e-17,
5.99400000e+03,1.04403680e-16,
5.99600000e+03,9.78797459e-17,
5.99800000e+03,9.46545290e-17,
6.00000000e+03,9.68953149e-17,
6.00200000e+03,7.99738333e-17,
6.00400000e+03,9.46898330e-17,
6.00600000e+03,9.08815530e-17,
6.00800000e+03,9.12095533e-17,
6.01000000e+03,9.89919200e-17,
6.01200000e+03,9.39380979e-17,
6.01400000e+03,8.82098192e-17,
6.01600000e+03,8.18014922e-17,
6.01800000e+03,8.27099814e-17,
6.02000000e+03,9.18298064e-17,
6.02200000e+03,9.24961765e-17,
6.02400000e+03,8.52537735e-17,
6.02600000e+03,9.23981854e-17,
6.02800000e+03,8.69212042e-17,
6.03000000e+03,9.47629359e-17,
6.03200000e+03,1.00533652e-16,
6.03400000e+03,9.92870713e-17,
6.03600000e+03,9.86539075e-17,
6.03800000e+03,9.52906573e-17,
6.04000000e+03,9.65013387e-17,
6.04200000e+03,9.21777054e-17,
6.04400000e+03,9.12187582e-17,
6.04600000e+03,9.46057319e-17,
6.04800000e+03,9.43685230e-17,
6.05000000e+03,9.36965413e-17,
6.05200000e+03,9.44304226e-17,
6.05400000e+03,9.27521724e-17,
6.05600000e+03,1.00177488e-16,
6.05800000e+03,9.07915955e-17,
6.06000000e+03,9.11183782e-17,
6.06200000e+03,9.01823340e-17,
6.06400000e+03,9.39284497e-17,
6.06600000e+03,9.95226589e-17,
6.06800000e+03,1.13035210e-16,
6.07000000e+03,1.06283186e-16,
6.07200000e+03,9.07835487e-17,
6.07400000e+03,9.09826477e-17,
6.07600000e+03,8.68746703e-17,
6.07800000e+03,8.68101039e-17,
6.08000000e+03,8.83599823e-17,
6.08200000e+03,8.13416261e-17,
6.08400000e+03,8.95030929e-17,
6.08600000e+03,1.02092855e-16,
6.08800000e+03,1.00495430e-16,
6.09000000e+03,1.09627418e-16,
6.09200000e+03,9.53785502e-17,
6.09400000e+03,8.41077776e-17,
6.09600000e+03,9.39206874e-17,
6.09800000e+03,7.93386976e-17,
6.10000000e+03,8.75143919e-17,
6.10200000e+03,8.83430284e-17,
6.10400000e+03,9.22116264e-17,
6.10600000e+03,9.85224387e-17,
6.10800000e+03,9.92227960e-17,
6.11000000e+03,1.03491074e-16,
6.11200000e+03,9.80215908e-17,
6.11400000e+03,8.32782280e-17,
6.11600000e+03,9.27633228e-17,
6.11800000e+03,9.06119980e-17,
6.12000000e+03,8.91845821e-17,
6.12200000e+03,9.94739744e-17,
6.12400000e+03,9.24340255e-17,
6.12600000e+03,8.91480207e-17,
6.12800000e+03,9.09128205e-17,
6.13000000e+03,8.55572297e-17,
6.13200000e+03,7.56947685e-17,
6.13400000e+03,8.05229092e-17,
6.13600000e+03,8.31766039e-17,
6.13800000e+03,8.25953143e-17,
6.14000000e+03,8.50145132e-17,
6.14200000e+03,9.17445605e-17,
6.14400000e+03,9.51506454e-17,
6.14600000e+03,9.44228125e-17,
6.14800000e+03,8.87101973e-17,
6.15000000e+03,9.03499803e-17,
6.15200000e+03,9.08871183e-17,
6.15400000e+03,7.49828902e-17,
6.15600000e+03,9.22163248e-17,
6.15800000e+03,8.25196570e-17,
6.16000000e+03,7.87278346e-17,
6.16200000e+03,8.98264809e-17,
6.16400000e+03,8.74832039e-17,
6.16600000e+03,9.61713532e-17,
6.16800000e+03,9.01506232e-17,
6.17000000e+03,9.62466597e-17,
6.17200000e+03,9.60596309e-17,
6.17400000e+03,9.66920535e-17,
6.17600000e+03,9.59027577e-17,
6.17800000e+03,9.92066495e-17,
6.18000000e+03,9.80263884e-17,
6.18200000e+03,1.01310858e-16,
6.18400000e+03,8.95290135e-17,
6.18600000e+03,9.19251506e-17,
6.18800000e+03,9.44161951e-17,
6.19000000e+03,1.01364320e-16,
6.19200000e+03,1.01350880e-16,
6.19400000e+03,9.15016738e-17,
6.19600000e+03,8.66312807e-17,
6.19800000e+03,9.54592235e-17,
6.20000000e+03,1.03730057e-16,
6.20200000e+03,1.01910332e-16,
6.20400000e+03,9.82102542e-17,
6.20600000e+03,1.03740162e-16,
6.20800000e+03,8.95619154e-17,
6.21000000e+03,8.91374460e-17,
6.21200000e+03,7.73328706e-17,
6.21400000e+03,9.22480951e-17,
6.21600000e+03,9.00397743e-17,
6.21800000e+03,9.26190691e-17,
6.22000000e+03,9.33370883e-17,
6.22200000e+03,1.02143756e-16,
6.22400000e+03,9.14088641e-17,
6.22600000e+03,7.90050923e-17,
6.22800000e+03,8.73527079e-17,
6.23000000e+03,9.62133144e-17,
6.23200000e+03,8.79136422e-17,
6.23400000e+03,9.25530137e-17,
6.23600000e+03,7.72086215e-17,
6.23800000e+03,6.95218107e-17,
6.24000000e+03,8.03584723e-17,
6.24200000e+03,7.89476926e-17,
6.24400000e+03,7.50354989e-17,
6.24600000e+03,7.92688240e-17,
6.24800000e+03,8.38179732e-17,
6.25000000e+03,8.26467583e-17,
6.25200000e+03,8.01600482e-17,
6.25400000e+03,8.57714496e-17,
6.25600000e+03,9.09985296e-17,
6.25800000e+03,8.06692341e-17,
6.26000000e+03,9.08346221e-17,
6.26200000e+03,9.41342125e-17,
6.26400000e+03,9.73160521e-17,
6.26600000e+03,9.84767982e-17,
6.26800000e+03,9.88744405e-17,
6.27000000e+03,1.01327891e-16,
6.27200000e+03,9.50868334e-17,
6.27400000e+03,8.53547954e-17,
6.27600000e+03,8.80883560e-17,
6.27800000e+03,8.94597487e-17,
6.28000000e+03,8.73317505e-17,
6.28200000e+03,1.00872240e-16,
6.28400000e+03,9.21027562e-17,
6.28600000e+03,9.95134342e-17,
6.28800000e+03,9.43356938e-17,
6.29000000e+03,9.30667458e-17,
6.29200000e+03,8.78047191e-17,
6.29400000e+03,8.47622628e-17,
6.29600000e+03,8.21119033e-17,
6.29800000e+03,8.14777072e-17,
6.30000000e+03,1.22229713e-16,
6.30200000e+03,1.27299483e-16,
6.30400000e+03,1.08681646e-16,
6.30600000e+03,9.73731871e-17,
6.30800000e+03,9.41183703e-17,
6.31000000e+03,9.25040711e-17,
6.31200000e+03,9.79157315e-17,
6.31400000e+03,8.86618039e-17,
6.31600000e+03,8.32010752e-17,
6.31800000e+03,9.23678907e-17,
6.32000000e+03,9.68901533e-17,
6.32200000e+03,9.95639782e-17,
6.32400000e+03,9.55747111e-17,
6.32600000e+03,9.57713353e-17,
6.32800000e+03,9.30057330e-17,
6.33000000e+03,8.92736860e-17,
6.33200000e+03,9.41524899e-17,
6.33400000e+03,9.77620811e-17,
6.33600000e+03,9.41353176e-17,
6.33800000e+03,9.70897818e-17,
6.34000000e+03,9.78584443e-17,
6.34200000e+03,9.97680139e-17,
6.34400000e+03,9.79657727e-17,
6.34600000e+03,1.03620505e-16,
6.34800000e+03,1.02031359e-16,
6.35000000e+03,9.59866537e-17,
6.35200000e+03,9.24410863e-17,
6.35400000e+03,9.44749381e-17,
6.35600000e+03,9.56751441e-17,
6.35800000e+03,1.02762170e-16,
6.36000000e+03,1.01301190e-16,
6.36200000e+03,1.11085459e-16,
6.36400000e+03,1.14146239e-16,
6.36600000e+03,1.04721396e-16,
6.36800000e+03,9.60098942e-17,
6.37000000e+03,1.10810802e-16,
6.37200000e+03,1.16012597e-16,
6.37400000e+03,1.04592158e-16,
6.37600000e+03,9.57231206e-17,
6.37800000e+03,9.66954350e-17,
6.38000000e+03,9.67995406e-17,
6.38200000e+03,1.00314621e-16,
6.38400000e+03,9.49920517e-17,
6.38600000e+03,9.60708872e-17,
6.38800000e+03,9.08485585e-17,
6.39000000e+03,9.74628799e-17,
6.39200000e+03,9.76270124e-17,
6.39400000e+03,9.89461670e-17,
6.39600000e+03,1.05360489e-16,
6.39800000e+03,1.13235401e-16,
6.40000000e+03,1.04226835e-16,
6.40200000e+03,1.01651531e-16,
6.40400000e+03,1.06965511e-16,
6.40600000e+03,1.06326928e-16,
6.40800000e+03,1.02009826e-16,
6.41000000e+03,9.49140850e-17,
6.41200000e+03,9.13803628e-17,
6.41400000e+03,9.93253399e-17,
6.41600000e+03,9.92109773e-17,
6.41800000e+03,1.03733789e-16,
6.42000000e+03,1.06485382e-16,
6.42200000e+03,1.07373549e-16,
6.42400000e+03,1.04473335e-16,
6.42600000e+03,8.71920496e-17,
6.42800000e+03,9.34857691e-17,
6.43000000e+03,1.00241962e-16,
6.43200000e+03,1.03100341e-16,
6.43400000e+03,1.09476176e-16,
6.43600000e+03,1.16969956e-16,
6.43800000e+03,1.11201688e-16,
6.44000000e+03,1.12416347e-16,
6.44200000e+03,1.14395029e-16,
6.44400000e+03,1.04564834e-16,
6.44600000e+03,1.12362348e-16,
6.44800000e+03,9.86798942e-17,
6.45000000e+03,8.71833146e-17,
6.45200000e+03,1.08015183e-16,
6.45400000e+03,1.10081871e-16,
6.45600000e+03,9.45797055e-17,
6.45800000e+03,1.17411485e-16,
6.46000000e+03,1.07556780e-16,
6.46200000e+03,1.05225328e-16,
6.46400000e+03,1.14234476e-16,
6.46600000e+03,1.07242166e-16,
6.46800000e+03,1.07660124e-16,
6.47000000e+03,1.04871672e-16,
6.47200000e+03,1.03400700e-16,
6.47400000e+03,9.74280126e-17,
6.47600000e+03,1.04753815e-16,
6.47800000e+03,9.68592829e-17,
6.48000000e+03,1.01670979e-16,
6.48200000e+03,9.66308686e-17,
6.48400000e+03,9.61011090e-17,
6.48600000e+03,9.27502599e-17,
6.48800000e+03,8.59851666e-17,
6.49000000e+03,7.73533384e-17,
6.49200000e+03,7.43706971e-17,
6.49400000e+03,8.31483474e-17,
6.49600000e+03,1.03303113e-16,
6.49800000e+03,1.19321743e-16,
6.50000000e+03,1.23364261e-16,
6.50200000e+03,1.19247098e-16,
6.50400000e+03,1.22154142e-16,
6.50600000e+03,1.09089056e-16,
6.50800000e+03,1.03786497e-16,
6.51000000e+03,1.06652446e-16,
6.51200000e+03,1.00676344e-16,
6.51400000e+03,1.10616415e-16,
6.51600000e+03,1.15989873e-16,
6.51800000e+03,1.16731741e-16,
6.52000000e+03,1.21162915e-16,
6.52200000e+03,1.11772747e-16,
6.52400000e+03,1.08140531e-16,
6.52600000e+03,1.07874245e-16,
6.52800000e+03,1.10077728e-16,
6.53000000e+03,1.05855772e-16,
6.53200000e+03,1.01137143e-16,
6.53400000e+03,1.05494757e-16,
6.53600000e+03,1.04839227e-16,
6.53800000e+03,1.11469734e-16,
6.54000000e+03,1.03661288e-16,
6.54200000e+03,1.27092662e-16,
6.54400000e+03,1.91940961e-16,
6.54600000e+03,2.19982027e-16,
6.54800000e+03,2.24579245e-16,
6.55000000e+03,1.96678734e-16,
6.55200000e+03,1.39895525e-16,
6.55400000e+03,1.28025721e-16,
6.55600000e+03,2.33112282e-16,
6.55800000e+03,9.10637604e-16,
6.56000000e+03,1.78747986e-15,
6.56200000e+03,2.09610098e-15,
6.56400000e+03,2.02406231e-15,
6.56600000e+03,1.26551032e-15,
6.56800000e+03,4.11112153e-16,
6.57000000e+03,1.51348641e-16,
6.57200000e+03,1.33100666e-16,
6.57400000e+03,1.35359359e-16,
6.57600000e+03,1.37351753e-16,
6.57800000e+03,2.44541218e-16,
6.58000000e+03,3.98527811e-16,
6.58200000e+03,4.58452348e-16,
6.58400000e+03,4.62789368e-16,
6.58600000e+03,3.17498336e-16,
6.58800000e+03,1.66763820e-16,
6.59000000e+03,1.06363509e-16,
6.59200000e+03,1.07361333e-16,
6.59400000e+03,1.13247458e-16,
6.59600000e+03,1.16441156e-16,
6.59800000e+03,1.16248549e-16,
6.60000000e+03,1.04315727e-16,
6.60200000e+03,1.02681040e-16,
6.60400000e+03,9.91270416e-17,
6.60600000e+03,1.06645557e-16,
6.60800000e+03,1.09674448e-16,
6.61000000e+03,1.12909254e-16,
6.61200000e+03,1.20534535e-16,
6.61400000e+03,1.27740867e-16,
6.61600000e+03,1.16890798e-16,
6.61800000e+03,1.19728795e-16,
6.62000000e+03,1.17824453e-16,
6.62200000e+03,1.16138527e-16,
6.62400000e+03,1.13356130e-16,
6.62600000e+03,1.14504587e-16,
6.62800000e+03,1.10506016e-16,
6.63000000e+03,1.15277346e-16,
6.63200000e+03,1.09361026e-16,
6.63400000e+03,1.18961953e-16,
6.63600000e+03,9.90296593e-17,
6.63800000e+03,1.00120717e-16,
6.64000000e+03,1.01483163e-16,
6.64200000e+03,1.09077045e-16,
6.64400000e+03,1.06054262e-16,
6.64600000e+03,1.05848599e-16,
6.64800000e+03,1.22242458e-16,
6.65000000e+03,1.20132023e-16,
6.65200000e+03,1.16052950e-16,
6.65400000e+03,1.16288862e-16,
6.65600000e+03,1.12045280e-16,
6.65800000e+03,1.05940601e-16,
6.66000000e+03,1.03740817e-16,
6.66200000e+03,1.03357415e-16,
6.66400000e+03,1.07997237e-16,
6.66600000e+03,1.11496826e-16,
6.66800000e+03,1.13614276e-16,
6.67000000e+03,1.13217243e-16,
6.67200000e+03,1.05364797e-16,
6.67400000e+03,1.16049483e-16,
6.67600000e+03,1.34367894e-16,
6.67800000e+03,1.46505691e-16,
6.68000000e+03,1.49657407e-16,
6.68200000e+03,1.39105455e-16,
6.68400000e+03,1.21538825e-16,
6.68600000e+03,1.24809246e-16,
6.68800000e+03,1.23964582e-16,
6.69000000e+03,1.17051284e-16,
6.69200000e+03,1.11891226e-16,
6.69400000e+03,1.16657507e-16,
6.69600000e+03,1.20802290e-16,
6.69800000e+03,1.05214813e-16,
6.70000000e+03,1.06020381e-16,
6.70200000e+03,1.15989370e-16,
6.70400000e+03,1.13685189e-16,
6.70600000e+03,1.11144725e-16,
6.70800000e+03,1.15458307e-16,
6.71000000e+03,1.32910269e-16,
6.71200000e+03,1.70940526e-16,
6.71400000e+03,2.06452462e-16,
6.71600000e+03,2.05396397e-16,
6.71800000e+03,1.96239812e-16,
6.72000000e+03,1.57294296e-16,
6.72200000e+03,1.33081807e-16,
6.72400000e+03,1.32580389e-16,
6.72600000e+03,1.50938717e-16,
6.72800000e+03,1.78261551e-16,
6.73000000e+03,1.91836591e-16,
6.73200000e+03,1.75416593e-16,
6.73400000e+03,1.45147394e-16,
6.73600000e+03,1.10710707e-16,
6.73800000e+03,1.06436009e-16,
6.74000000e+03,1.11681744e-16,
6.74200000e+03,1.11366277e-16,
6.74400000e+03,9.90079541e-17,
6.74600000e+03,1.13550219e-16,
6.74800000e+03,1.15131273e-16,
6.75000000e+03,1.16484130e-16,
6.75200000e+03,1.19707408e-16,
6.75400000e+03,1.12349391e-16,
6.75600000e+03,1.22098939e-16,
6.75800000e+03,1.17844438e-16,
6.76000000e+03,1.09327634e-16,
6.76200000e+03,1.01925758e-16,
6.76400000e+03,9.99558435e-17,
6.76600000e+03,1.03152341e-16,
6.76800000e+03,1.08426530e-16,
6.77000000e+03,1.10221023e-16,
6.77200000e+03,1.16120104e-16,
6.77400000e+03,1.10494621e-16,
6.77600000e+03,1.11643363e-16,
6.77800000e+03,1.13418784e-16,
6.78000000e+03,1.15090509e-16,
6.78200000e+03,1.09358961e-16,
6.78400000e+03,1.10813482e-16,
6.78600000e+03,1.07836956e-16,
6.78800000e+03,1.01311817e-16,
6.79000000e+03,1.10990195e-16,
6.79200000e+03,1.15932605e-16,
6.79400000e+03,1.07279065e-16,
6.79600000e+03,1.16895695e-16,
6.79800000e+03,1.18783520e-16,
6.80000000e+03,1.04589504e-16,
6.80200000e+03,1.09935612e-16,
6.80400000e+03,1.12726797e-16,
6.80600000e+03,1.10348382e-16,
6.80800000e+03,1.08597644e-16,
6.81000000e+03,1.12100774e-16,
6.81200000e+03,1.19089206e-16,
6.81400000e+03,1.18392588e-16,
6.81600000e+03,1.15768691e-16,
6.81800000e+03,1.15764906e-16,
6.82000000e+03,1.17775312e-16,
6.82200000e+03,1.08994717e-16,
6.82400000e+03,1.08930038e-16,
6.82600000e+03,1.08063424e-16,
6.82800000e+03,1.13511679e-16,
6.83000000e+03,1.12270406e-16,
6.83200000e+03,1.10055606e-16,
6.83400000e+03,1.12528287e-16,
6.83600000e+03,1.13841585e-16,
6.83800000e+03,1.07390940e-16,
6.84000000e+03,1.05504286e-16,
6.84200000e+03,1.08762491e-16,
6.84400000e+03,1.12105313e-16,
6.84600000e+03,1.22093658e-16,
6.84800000e+03,1.13573050e-16,
6.85000000e+03,1.17830118e-16,
6.85200000e+03,1.06764519e-16,
6.85400000e+03,1.02833731e-16,
6.85600000e+03,1.09463338e-16,
6.85800000e+03,1.11184787e-16,
6.86000000e+03,1.16345918e-16,
6.86200000e+03,1.16440825e-16,
6.86400000e+03,1.12538227e-16,
6.86600000e+03,1.09369821e-16,
6.86800000e+03,1.05663185e-16,
6.87000000e+03,1.09928545e-16,
6.87200000e+03,1.12053380e-16,
6.87400000e+03,1.19969286e-16,
6.87600000e+03,1.24246432e-16,
6.87800000e+03,1.20661511e-16,
6.88000000e+03,1.19478378e-16,
6.88200000e+03,1.21568207e-16,
6.88400000e+03,1.18931592e-16,
6.88600000e+03,1.19896720e-16,
6.88800000e+03,1.12398109e-16,
6.89000000e+03,1.02804290e-16,
6.89200000e+03,1.03958743e-16,
6.89400000e+03,1.07686204e-16,
6.89600000e+03,1.12125669e-16,
6.89800000e+03,1.16835503e-16,
6.90000000e+03,1.19538822e-16,
6.90200000e+03,1.19667597e-16,
6.90400000e+03,1.18067711e-16,
6.90600000e+03,1.14606284e-16,
6.90800000e+03,1.09011532e-16,
6.91000000e+03,1.13473232e-16,
6.91200000e+03,1.08211443e-16,
6.91400000e+03,1.16303196e-16,
6.91600000e+03,1.12094501e-16,
6.91800000e+03,1.13563004e-16,
6.92000000e+03,1.19149597e-16,
6.92200000e+03,1.08566436e-16,
6.92400000e+03,9.91224557e-17,
6.92600000e+03,1.07337557e-16,
6.92800000e+03,1.12662423e-16,
6.93000000e+03,1.04682109e-16,
6.93200000e+03,1.06325531e-16,
6.93400000e+03,1.02731829e-16,
6.93600000e+03,9.51546093e-17,
6.93800000e+03,9.78476711e-17,
6.94000000e+03,9.52080650e-17,
6.94200000e+03,1.02164482e-16,
6.94400000e+03,9.85814266e-17,
6.94600000e+03,9.70129797e-17,
6.94800000e+03,1.05313426e-16,
6.95000000e+03,9.45059541e-17,
6.95200000e+03,1.00223274e-16,
6.95400000e+03,1.02833889e-16,
6.95600000e+03,1.05510705e-16,
6.95800000e+03,1.08993235e-16,
6.96000000e+03,1.02549200e-16,
6.96200000e+03,1.07318452e-16,
6.96400000e+03,1.05854277e-16,
6.96600000e+03,1.07299646e-16,
6.96800000e+03,1.08387534e-16,
6.97000000e+03,9.90707801e-17,
6.97200000e+03,1.03020647e-16,
6.97400000e+03,9.97969652e-17,
6.97600000e+03,1.07556833e-16,
6.97800000e+03,1.13011017e-16,
6.98000000e+03,1.16345785e-16,
6.98200000e+03,1.17928334e-16,
6.98400000e+03,1.09073002e-16,
6.98600000e+03,1.01267600e-16,
6.98800000e+03,1.10318478e-16,
6.99000000e+03,1.04824609e-16,
6.99200000e+03,8.90078500e-17,
6.99400000e+03,9.19568680e-17,
6.99600000e+03,9.85568296e-17,
6.99800000e+03,9.86575206e-17,
7.00000000e+03,9.45711889e-17,
7.00200000e+03,1.06843849e-16,
7.00400000e+03,1.08042487e-16,
7.00600000e+03,1.15399239e-16,
7.00800000e+03,1.14040241e-16,
7.01000000e+03,9.68139799e-17,
7.01200000e+03,1.01187065e-16,
7.01400000e+03,1.03897663e-16,
7.01600000e+03,9.60137521e-17,
7.01800000e+03,1.08158444e-16,
7.02000000e+03,1.16591504e-16,
7.02200000e+03,1.09055082e-16,
7.02400000e+03,1.05887026e-16,
7.02600000e+03,1.12771968e-16,
7.02800000e+03,1.03245203e-16,
7.03000000e+03,1.01533356e-16,
7.03200000e+03,1.01966210e-16,
7.03400000e+03,1.08351422e-16,
7.03600000e+03,1.07479395e-16,
7.03800000e+03,1.11858972e-16,
7.04000000e+03,1.17561675e-16,
7.04200000e+03,1.19178277e-16,
7.04400000e+03,1.13659950e-16,
7.04600000e+03,1.12765536e-16,
7.04800000e+03,1.10027495e-16,
7.05000000e+03,1.08259089e-16,
7.05200000e+03,1.15501836e-16,
7.05400000e+03,1.13946578e-16,
7.05600000e+03,1.06924278e-16,
7.05800000e+03,1.05785210e-16,
7.06000000e+03,9.94725516e-17,
7.06200000e+03,1.13132592e-16,
7.06400000e+03,1.12258454e-16,
7.06600000e+03,1.13304765e-16,
7.06800000e+03,1.27150988e-16,
7.07000000e+03,1.12818171e-16,
7.07200000e+03,1.02043264e-16,
7.07400000e+03,1.06011441e-16,
7.07600000e+03,1.07591369e-16,
7.07800000e+03,1.01959870e-16,
7.08000000e+03,1.05871601e-16,
7.08200000e+03,1.06588767e-16,
7.08400000e+03,9.90783173e-17,
7.08600000e+03,1.03732320e-16,
7.08800000e+03,1.13847144e-16,
7.09000000e+03,1.10305944e-16,
7.09200000e+03,1.13604602e-16,
7.09400000e+03,1.22397134e-16,
7.09600000e+03,1.18936528e-16,
7.09800000e+03,1.10137974e-16,
7.10000000e+03,1.04131544e-16,
7.10200000e+03,1.00864134e-16,
7.10400000e+03,1.05166956e-16,
7.10600000e+03,1.05355520e-16,
7.10800000e+03,9.63280477e-17,
7.11000000e+03,9.34157962e-17,
7.11200000e+03,1.05420000e-16,
7.11400000e+03,9.85429991e-17,
7.11600000e+03,9.93539538e-17,
7.11800000e+03,9.91791871e-17,
7.12000000e+03,9.67545751e-17,
7.12200000e+03,9.25855517e-17,
7.12400000e+03,9.90886869e-17,
7.12600000e+03,1.05248621e-16,
7.12800000e+03,1.05199355e-16,
7.13000000e+03,1.24766616e-16,
7.13200000e+03,1.65218369e-16,
7.13400000e+03,1.92756522e-16,
7.13600000e+03,1.99291831e-16,
7.13800000e+03,1.75123665e-16,
7.14000000e+03,1.32906960e-16,
7.14200000e+03,9.79184513e-17,
7.14400000e+03,1.04005925e-16,
7.14600000e+03,1.00395639e-16,
7.14800000e+03,9.88017743e-17,
7.15000000e+03,1.02515034e-16,
7.15200000e+03,1.04799747e-16,
7.15400000e+03,1.05040662e-16,
7.15600000e+03,1.01402086e-16,
7.15800000e+03,1.12820302e-16,
7.16000000e+03,1.03811577e-16,
7.16200000e+03,1.03012183e-16,
7.16400000e+03,1.08850245e-16,
7.16600000e+03,1.08329241e-16,
7.16800000e+03,1.07108024e-16,
7.17000000e+03,1.02800054e-16,
7.17200000e+03,9.06051291e-17,
7.17400000e+03,9.61137881e-17,
7.17600000e+03,9.30115564e-17,
7.17800000e+03,9.94175739e-17,
7.18000000e+03,1.01090722e-16,
7.18200000e+03,8.94391221e-17,
7.18400000e+03,8.82621103e-17,
7.18600000e+03,8.51435401e-17,
7.18800000e+03,9.31387106e-17,
7.19000000e+03,9.29968524e-17,
7.19200000e+03,9.22907313e-17,
7.19400000e+03,9.61133910e-17,
7.19600000e+03,8.83134815e-17,
7.19800000e+03,8.93840253e-17,
7.20000000e+03,9.69162327e-17,
7.20200000e+03,9.22419012e-17,
7.20400000e+03,8.88636228e-17,
7.20600000e+03,1.00877693e-16,
7.20800000e+03,1.03369499e-16,
7.21000000e+03,9.46925462e-17,
7.21200000e+03,8.99859745e-17,
7.21400000e+03,9.61811007e-17,
7.21600000e+03,9.66388823e-17,
7.21800000e+03,9.69030573e-17,
7.22000000e+03,9.76835452e-17,
7.22200000e+03,1.03541188e-16,
7.22400000e+03,1.11761842e-16,
7.22600000e+03,1.18222744e-16,
7.22800000e+03,1.20526330e-16,
7.23000000e+03,1.23156658e-16,
7.23200000e+03,1.20379356e-16,
7.23400000e+03,1.17867480e-16,
7.23600000e+03,1.16447721e-16,
7.23800000e+03,1.16745109e-16,
7.24000000e+03,1.13488240e-16,
7.24200000e+03,1.08803063e-16,
7.24400000e+03,1.04591549e-16,
7.24600000e+03,9.91736350e-17,
7.24800000e+03,9.98719607e-17,
7.25000000e+03,8.56349383e-17,
7.25200000e+03,8.92780667e-17,
7.25400000e+03,1.03842070e-16,
7.25600000e+03,9.67255973e-17,
7.25800000e+03,8.94759416e-17,
7.26000000e+03,9.04859291e-17,
7.26200000e+03,9.17935428e-17,
7.26400000e+03,9.22887130e-17,
7.26600000e+03,9.94413967e-17,
7.26800000e+03,1.06534669e-16,
7.27000000e+03,1.02510535e-16,
7.27200000e+03,9.87968774e-17,
7.27400000e+03,9.88620195e-17,
7.27600000e+03,9.37702464e-17,
7.27800000e+03,7.77543158e-17,
7.28000000e+03,8.71997258e-17,
7.28200000e+03,9.01407036e-17,
7.28400000e+03,9.23044625e-17,
7.28600000e+03,1.14427600e-16,
7.28800000e+03,1.03246851e-16,
7.29000000e+03,9.71766093e-17,
7.29200000e+03,1.10585842e-16,
7.29400000e+03,1.12306537e-16,
7.29600000e+03,1.16563063e-16,
7.29800000e+03,1.03285159e-16,
7.30000000e+03,8.46893650e-17,
7.30200000e+03,9.99503179e-17,
7.30400000e+03,9.70162156e-17,
7.30600000e+03,9.65611604e-17,
7.30800000e+03,9.78384795e-17,
7.31000000e+03,9.62195216e-17,
7.31200000e+03,8.92349739e-17,
7.31400000e+03,1.13515412e-16,
7.31600000e+03,9.79733827e-17,
7.31800000e+03,1.02816843e-16,
7.32000000e+03,1.03382257e-16,
7.32200000e+03,1.11155670e-16,
7.32400000e+03,1.16042680e-16,
7.32600000e+03,1.19239237e-16,
7.32800000e+03,1.19932586e-16,
7.33000000e+03,1.20046711e-16,
7.33200000e+03,1.09139560e-16,
7.33400000e+03,1.16476348e-16,
7.33600000e+03,1.08519062e-16,
7.33800000e+03,1.03887777e-16,
7.34000000e+03,9.66028702e-17,
7.34200000e+03,9.99924313e-17,
7.34400000e+03,9.56511823e-17,
7.34600000e+03,9.66522363e-17,
7.34800000e+03,9.44813372e-17,
7.35000000e+03,9.16598109e-17,
7.35200000e+03,9.77535181e-17,
7.35400000e+03,1.02858295e-16,
7.35600000e+03,9.92127971e-17,
7.35800000e+03,9.84913367e-17,
7.36000000e+03,9.65099546e-17,
7.36200000e+03,1.04605386e-16,
7.36400000e+03,1.04034525e-16,
7.36600000e+03,9.89740794e-17,
7.36800000e+03,8.60973058e-17,
7.37000000e+03,1.13457152e-16,
7.37200000e+03,1.08638752e-16,
7.37400000e+03,1.05237762e-16,
7.37600000e+03,1.06439920e-16,
7.37800000e+03,1.07442013e-16,
7.38000000e+03,9.23245001e-17,
7.38200000e+03,1.01276097e-16,
7.38400000e+03,8.48852811e-17,
7.38600000e+03,9.25469389e-17,
7.38800000e+03,9.34259474e-17,
7.39000000e+03,9.36687613e-17,
7.39200000e+03,1.05259031e-16,
7.39400000e+03,9.87168328e-17,
7.39600000e+03,9.43392408e-17,
7.39800000e+03,1.04749355e-16,
7.40000000e+03,9.54572184e-17,
7.40200000e+03,9.03166747e-17,
7.40400000e+03,9.94111881e-17,
7.40600000e+03,8.06466620e-17,
7.40800000e+03,8.82174359e-17,
7.41000000e+03,9.14927469e-17,
7.41200000e+03,9.31878782e-17,
7.41400000e+03,9.72417580e-17,
7.41600000e+03,9.65730917e-17,
7.41800000e+03,9.36495244e-17,
7.42000000e+03,1.02403127e-16,
7.42200000e+03,1.06051430e-16,
7.42400000e+03,1.04341019e-16,
7.42600000e+03,1.03219647e-16,
7.42800000e+03,9.90431059e-17,
7.43000000e+03,1.00253470e-16,
7.43200000e+03,8.99751021e-17,
7.43400000e+03,1.05721028e-16,
7.43600000e+03,9.79923880e-17,
7.43800000e+03,9.76030109e-17,
7.44000000e+03,9.04569381e-17,
7.44200000e+03,9.20764717e-17,
7.44400000e+03,9.89657612e-17,
7.44600000e+03,9.52513762e-17,
7.44800000e+03,1.15987358e-16,
7.45000000e+03,1.14030421e-16,
7.45200000e+03,1.10796065e-16,
7.45400000e+03,1.11848424e-16,
7.45600000e+03,1.13848772e-16,
7.45800000e+03,1.14676058e-16,
7.46000000e+03,1.02805937e-16,
7.46200000e+03,1.09803164e-16,
7.46400000e+03,1.13239054e-16,
7.46600000e+03,1.13196993e-16,
7.46800000e+03,1.04905394e-16,
7.47000000e+03,1.05225374e-16,
7.47200000e+03,1.00794413e-16,
7.47400000e+03,1.05396144e-16,
7.47600000e+03,1.00451073e-16,
7.47800000e+03,9.94216833e-17,
7.48000000e+03,9.29220885e-17,
7.48200000e+03,1.05437768e-16,
7.48400000e+03,9.22693173e-17,
7.48600000e+03,9.76989308e-17,
7.48800000e+03,9.80863624e-17,
7.49000000e+03,1.00866477e-16,
7.49200000e+03,1.05914059e-16,
7.49400000e+03,1.04494167e-16,
7.49600000e+03,1.08151443e-16,
7.49800000e+03,1.04832629e-16,
7.50000000e+03,1.06027336e-16,
7.50200000e+03,1.00815026e-16,
7.50400000e+03,9.08105611e-17,
7.50600000e+03,9.61030479e-17,
7.50800000e+03,9.88808793e-17,
7.51000000e+03,1.01388474e-16,
7.51200000e+03,1.01504008e-16,
7.51400000e+03,9.60214151e-17,
7.51600000e+03,1.01285248e-16,
7.51800000e+03,1.05524192e-16,
7.52000000e+03,1.02635247e-16,
7.52200000e+03,1.08037491e-16,
7.52400000e+03,9.02021797e-17,
7.52600000e+03,9.57450706e-17,
7.52800000e+03,9.68420511e-17,
7.53000000e+03,1.01032025e-16,
7.53200000e+03,1.16865493e-16,
7.53400000e+03,1.06752548e-16,
7.53600000e+03,1.11186600e-16,
7.53800000e+03,1.08014594e-16,
7.54000000e+03,9.86714901e-17,
7.54200000e+03,1.04140358e-16,
7.54400000e+03,1.06669122e-16,
7.54600000e+03,1.05059806e-16,
7.54800000e+03,9.92308892e-17,
7.55000000e+03,1.06694255e-16,
7.55200000e+03,1.09897158e-16,
7.55400000e+03,1.02021565e-16,
7.55600000e+03,9.47498533e-17,
7.55800000e+03,9.29092242e-17,
7.56000000e+03,9.82568674e-17,
7.56200000e+03,1.02581374e-16,
7.56400000e+03,1.02380568e-16,
7.56600000e+03,9.24845430e-17,
7.56800000e+03,9.60904086e-17,
7.57000000e+03,9.71257013e-17,
7.57200000e+03,1.07455685e-16,
7.57400000e+03,1.03377704e-16,
7.57600000e+03,1.02593213e-16,
7.57800000e+03,9.18949287e-17,
7.58000000e+03,9.66460424e-17,
7.58200000e+03,9.69774705e-17,
7.58400000e+03,1.02079434e-16,
7.58600000e+03,9.80819618e-17,
7.58800000e+03,1.14203308e-16,
7.59000000e+03,1.08991144e-16,
7.59200000e+03,9.78072253e-17,
7.59400000e+03,8.69985621e-17,
7.59600000e+03,8.72272279e-17,
7.59800000e+03,8.07791499e-17,
7.60000000e+03,8.26019052e-17,
7.60200000e+03,9.00083481e-17,
7.60400000e+03,7.19488447e-17,
7.60600000e+03,9.61038487e-17,
7.60800000e+03,8.05241665e-17,
7.61000000e+03,9.42488994e-17,
7.61200000e+03,9.35749855e-17,
7.61400000e+03,9.56033250e-17,
7.61600000e+03,9.24086873e-17,
7.61800000e+03,8.73393208e-17,
7.62000000e+03,9.79198873e-17,
7.62200000e+03,1.06248372e-16,
7.62400000e+03,1.06394988e-16,
7.62600000e+03,1.07804279e-16,
7.62800000e+03,9.61025715e-17,
7.63000000e+03,8.74435654e-17,
7.63200000e+03,9.96267447e-17,
7.63400000e+03,8.71964171e-17,
7.63600000e+03,9.93279869e-17,
7.63800000e+03,1.01321373e-16,
7.64000000e+03,9.68645901e-17,
7.64200000e+03,1.02592114e-16,
7.64400000e+03,9.62670679e-17,
7.64600000e+03,9.36758419e-17,
7.64800000e+03,8.98510183e-17,
7.65000000e+03,8.49700903e-17,
7.65200000e+03,8.89243047e-17,
7.65400000e+03,9.31337342e-17,
7.65600000e+03,8.47700647e-17,
7.65800000e+03,9.04443980e-17,
7.66000000e+03,9.81677371e-17,
7.66200000e+03,1.16291840e-16,
7.66400000e+03,1.16750826e-16,
7.66600000e+03,1.34568191e-16,
7.66800000e+03,1.28788858e-16,
7.67000000e+03,1.15200862e-16,
7.67200000e+03,1.07142627e-16,
7.67400000e+03,9.80437460e-17,
7.67600000e+03,9.89460545e-17,
7.67800000e+03,1.00422387e-16,
7.68000000e+03,9.64126252e-17,
7.68200000e+03,8.50866698e-17,
7.68400000e+03,9.24475978e-17,
7.68600000e+03,9.44051836e-17,
7.68800000e+03,9.69286801e-17,
7.69000000e+03,8.86211199e-17,
7.69200000e+03,9.72582884e-17,
7.69400000e+03,8.80090062e-17,
7.69600000e+03,9.92347868e-17,
7.69800000e+03,1.00081006e-16,
7.70000000e+03,1.26081781e-16,
7.70200000e+03,1.22252159e-16,
7.70400000e+03,1.02331705e-16,
7.70600000e+03,9.89941831e-17,
7.70800000e+03,9.74860079e-17,
7.71000000e+03,9.42410247e-17,
7.71200000e+03,9.37707295e-17,
7.71400000e+03,9.72281790e-17,
7.71600000e+03,1.09349803e-16,
7.71800000e+03,1.14751736e-16,
7.72000000e+03,9.17730751e-17,
7.72200000e+03,1.02268164e-16,
7.72400000e+03,1.02865713e-16,
7.72600000e+03,1.05570057e-16,
7.72800000e+03,1.04914110e-16,
7.73000000e+03,1.03562569e-16,
7.73200000e+03,9.69967074e-17,
7.73400000e+03,1.02465046e-16,
7.73600000e+03,1.00478774e-16,
7.73800000e+03,9.12417538e-17,
7.74000000e+03,9.72346707e-17,
7.74200000e+03,8.46197958e-17,
7.74400000e+03,9.67629131e-17,
7.74600000e+03,9.93994752e-17,
7.74800000e+03,1.05250190e-16,
7.75000000e+03,1.19984348e-16,
7.75200000e+03,1.16073994e-16,
7.75400000e+03,1.22031957e-16,
7.75600000e+03,1.03517604e-16,
7.75800000e+03,1.02657667e-16,
7.76000000e+03,1.11299468e-16,
7.76200000e+03,9.68098969e-17,
7.76400000e+03,9.68646100e-17,
7.76600000e+03,9.61423423e-17,
7.76800000e+03,9.92063120e-17,
7.77000000e+03,9.09888020e-17,
7.77200000e+03,9.51110135e-17,
7.77400000e+03,9.20617810e-17,
7.77600000e+03,9.40576354e-17,
7.77800000e+03,1.03550711e-16,
7.78000000e+03,1.05650380e-16,
7.78200000e+03,9.92133860e-17,
7.78400000e+03,9.41983554e-17,
7.78600000e+03,9.65503806e-17,
7.78800000e+03,1.11701941e-16,
7.79000000e+03,1.06541372e-16,
7.79200000e+03,1.07370472e-16,
7.79400000e+03,9.23227200e-17,
7.79600000e+03,9.72042636e-17,
7.79800000e+03,8.93709426e-17,
7.80000000e+03,9.43370570e-17,
7.80200000e+03,1.05140671e-16,
7.80400000e+03,9.78984931e-17,
7.80600000e+03,9.56198421e-17,
7.80800000e+03,1.06511217e-16,
7.81000000e+03,1.06882158e-16,
7.81200000e+03,1.04001882e-16,
7.81400000e+03,1.11801745e-16,
7.81600000e+03,9.73601309e-17,
7.81800000e+03,1.00443794e-16,
7.82000000e+03,1.02857289e-16,
7.82200000e+03,9.07048011e-17,
7.82400000e+03,9.29765435e-17,
7.82600000e+03,9.79503077e-17,
7.82800000e+03,8.98645775e-17,
7.83000000e+03,8.80472352e-17,
7.83200000e+03,1.00329081e-16,
7.83400000e+03,9.70391385e-17,
7.83600000e+03,9.92778465e-17,
7.83800000e+03,9.63598313e-17,
7.84000000e+03,9.91375501e-17,
7.84200000e+03,9.10132270e-17,
7.84400000e+03,9.48832080e-17,
7.84600000e+03,9.01355420e-17,
7.84800000e+03,9.11333071e-17,
7.85000000e+03,9.10427143e-17,
7.85200000e+03,9.17189311e-17,
7.85400000e+03,1.09689397e-16,
7.85600000e+03,9.28754289e-17,
7.85800000e+03,9.76284021e-17,
7.86000000e+03,1.12273172e-16,
7.86200000e+03,9.65649324e-17,
7.86400000e+03,9.76614761e-17,
7.86600000e+03,9.90801173e-17,
7.86800000e+03,8.29641773e-17,
7.87000000e+03,7.89263844e-17,
7.87200000e+03,7.03391313e-17,
7.87400000e+03,7.05467073e-17,
7.87600000e+03,8.26898577e-17,
7.87800000e+03,8.01907730e-17,
7.88000000e+03,8.54261248e-17,
7.88200000e+03,9.59870110e-17,
7.88400000e+03,8.44240783e-17,
7.88600000e+03,9.61764288e-17,
7.88800000e+03,8.06415004e-17,
7.89000000e+03,8.43444175e-17,
7.89200000e+03,8.76041642e-17,
7.89400000e+03,8.00634534e-17,
7.89600000e+03,6.81367861e-17,
7.89800000e+03,8.55802451e-17,
7.90000000e+03,9.31125981e-17,
7.90200000e+03,8.12720701e-17,
7.90400000e+03,7.82453567e-17,
7.90600000e+03,8.35517402e-17,
7.90800000e+03,7.97985968e-17,
7.91000000e+03,8.26540375e-17,
7.91200000e+03,9.30527433e-17,
7.91400000e+03,7.92376360e-17,
7.91600000e+03,7.85820258e-17,
7.91800000e+03,7.03146269e-17,
7.92000000e+03,7.21232805e-17,
7.92200000e+03,8.44139734e-17,
7.92400000e+03,8.66498228e-17,
7.92600000e+03,7.55968104e-17,
7.92800000e+03,8.29549261e-17,
7.93000000e+03,8.30508459e-17,
7.93200000e+03,7.88893731e-17,
7.93400000e+03,8.03045401e-17,
7.93600000e+03,8.77742921e-17,
7.93800000e+03,7.51447595e-17,
7.94000000e+03,7.42546536e-17,
7.94200000e+03,7.31873524e-17,
7.94400000e+03,8.30863419e-17,
7.94600000e+03,7.27076075e-17,
7.94800000e+03,7.89006161e-17,
7.95000000e+03,8.79156870e-17,
7.95200000e+03,7.46813332e-17,
7.95400000e+03,8.62879015e-17,
7.95600000e+03,8.43122633e-17,
7.95800000e+03,9.02306215e-17,
7.96000000e+03,8.94482873e-17,
7.96200000e+03,7.69641334e-17,
7.96400000e+03,8.03900574e-17,
7.96600000e+03,7.66895690e-17,
7.96800000e+03,7.67966591e-17,
7.97000000e+03,8.46423811e-17,
7.97200000e+03,8.78171731e-17,
7.97400000e+03,9.35023458e-17,
7.97600000e+03,9.42770633e-17,
7.97800000e+03,8.61796467e-17,
7.98000000e+03,7.49231214e-17,
7.98200000e+03,7.44567769e-17,
7.98400000e+03,9.03671989e-17,
7.98600000e+03,8.23171169e-17,
7.98800000e+03,8.14393327e-17,
7.99000000e+03,7.88778058e-17,
7.99200000e+03,7.44536402e-17,
7.99400000e+03,7.84116134e-17,
7.99600000e+03,6.59093343e-17,
7.99800000e+03,7.46521768e-17,
8.00000000e+03,8.97782529e-17,
8.00200000e+03,9.28379874e-17,
8.00400000e+03,1.02534655e-16,
8.00600000e+03,9.23943142e-17,
8.00800000e+03,9.54089971e-17,
8.01000000e+03,1.00485881e-16,
8.01200000e+03,9.58559658e-17,
8.01400000e+03,8.79542800e-17,
8.01600000e+03,9.71488756e-17,
8.01800000e+03,7.86226040e-17,
8.02000000e+03,7.63225258e-17,
8.02200000e+03,8.53844879e-17,
8.02400000e+03,8.81642978e-17,
8.02600000e+03,9.89885914e-17,
8.02800000e+03,7.92529951e-17,
8.03000000e+03,9.03791765e-17,
8.03200000e+03,8.00193613e-17,
8.03400000e+03,9.20409426e-17,
8.03600000e+03,8.13028214e-17,
8.03800000e+03,9.28392116e-17,
8.04000000e+03,8.94315054e-17,
8.04200000e+03,8.88327392e-17,
8.04400000e+03,8.28140870e-17,
8.04600000e+03,9.26936212e-17,
8.04800000e+03,9.38606936e-17,
8.05000000e+03,1.01292680e-16,
8.05200000e+03,1.01441248e-16,
8.05400000e+03,9.36214995e-17,
8.05600000e+03,8.87285806e-17,
8.05800000e+03,8.20673613e-17,
8.06000000e+03,9.18291712e-17,
8.06200000e+03,6.79766572e-17,
8.06400000e+03,8.02435273e-17,
8.06600000e+03,9.66984856e-17,
8.06800000e+03,8.31034348e-17,
8.07000000e+03,7.58550694e-17,
8.07200000e+03,9.06490359e-17,
8.07400000e+03,8.92272381e-17,
8.07600000e+03,1.01865969e-16,
8.07800000e+03,8.84492185e-17,
8.08000000e+03,8.44099302e-17,
8.08200000e+03,8.30679057e-17,
8.08400000e+03,9.42595866e-17,
8.08600000e+03,8.06742171e-17,
8.08800000e+03,9.01560627e-17,
8.09000000e+03,7.89440265e-17,
8.09200000e+03,8.83296148e-17,
8.09400000e+03,9.07663896e-17,
8.09600000e+03,8.06263994e-17,
8.09800000e+03,7.28700261e-17,
8.10000000e+03,8.63237018e-17,
8.10200000e+03,8.56438719e-17,
8.10400000e+03,8.46806167e-17,
8.10600000e+03,8.57069957e-17,
8.10800000e+03,8.26279912e-17,
8.11000000e+03,7.92073744e-17,
8.11200000e+03,7.87798014e-17,
8.11400000e+03,8.37339780e-17,
8.11600000e+03,8.91665562e-17,
8.11800000e+03,8.72379085e-17,
8.12000000e+03,8.35817768e-17,
8.12200000e+03,8.33428804e-17,
8.12400000e+03,8.00962031e-17,
8.12600000e+03,8.30059664e-17,
8.12800000e+03,8.40140945e-17,
8.13000000e+03,7.45216080e-17,
8.13200000e+03,7.59560318e-17,
8.13400000e+03,7.21877807e-17,
8.13600000e+03,6.70750965e-17,
8.13800000e+03,7.61660430e-17,
8.14000000e+03,8.02570467e-17,
8.14200000e+03,7.25450235e-17,
8.14400000e+03,7.51897979e-17,
8.14600000e+03,7.19837054e-17,
8.14800000e+03,8.46299337e-17,
8.15000000e+03,7.87745472e-17,
8.15200000e+03,7.74042729e-17,
8.15400000e+03,8.27352004e-17,
8.15600000e+03,8.26637320e-17,
8.15800000e+03,8.22646339e-17,
8.16000000e+03,7.56376401e-17,
8.16200000e+03,8.33502522e-17,
8.16400000e+03,7.48127888e-17,
8.16600000e+03,7.31718610e-17,
8.16800000e+03,7.69721206e-17,
8.17000000e+03,7.89398576e-17,
8.17200000e+03,7.44483595e-17,
8.17400000e+03,7.84396383e-17,
8.17600000e+03,7.28160608e-17,
8.17800000e+03,6.30792450e-17,
8.18000000e+03,6.16689352e-17,
8.18200000e+03,5.99495576e-17,
8.18400000e+03,6.77034692e-17,
8.18600000e+03,6.93467065e-17,
8.18800000e+03,6.93952719e-17,
8.19000000e+03,7.82513720e-17,
8.19200000e+03,7.84189389e-17,
8.19400000e+03,7.76403370e-17,
8.19600000e+03,7.81358711e-17,
8.19800000e+03,8.53291065e-17,
8.20000000e+03,7.95441891e-17,
8.20200000e+03,8.31963305e-17,
8.20400000e+03,8.65719288e-17,
8.20600000e+03,9.45769063e-17,
8.20800000e+03,8.28961764e-17,
8.21000000e+03,8.91231391e-17,
8.21200000e+03,8.22899390e-17,
8.21400000e+03,7.17637018e-17,
8.21600000e+03,7.92550862e-17,
8.21800000e+03,8.58280089e-17,
8.22000000e+03,8.11824302e-17,
8.22200000e+03,7.74845954e-17,
8.22400000e+03,8.16258784e-17,
8.22600000e+03,7.86819096e-17,
8.22800000e+03,6.68612935e-17,
8.23000000e+03,6.22968381e-17,
8.23200000e+03,7.15207423e-17,
8.23400000e+03,6.57355668e-17,
8.23600000e+03,6.80156008e-17,
8.23800000e+03,7.26682139e-17,
8.24000000e+03,8.65269236e-17,
8.24200000e+03,7.79041282e-17,
8.24400000e+03,6.94210138e-17,
8.24600000e+03,8.14208435e-17,
8.24800000e+03,8.29420684e-17,
8.25000000e+03,9.06440331e-17,
8.25200000e+03,8.39757067e-17,
8.25400000e+03,7.08763355e-17,
8.25600000e+03,7.92026495e-17,
8.25800000e+03,7.52136670e-17,
8.26000000e+03,7.25447787e-17,
8.26200000e+03,8.08503007e-17,
8.26400000e+03,8.50456681e-17,
8.26600000e+03,9.98812318e-17,
8.26800000e+03,9.88032103e-17,
8.27000000e+03,8.57597036e-17,
8.27200000e+03,8.31526024e-17,
8.27400000e+03,9.25882186e-17,
8.27600000e+03,8.99907192e-17,
8.27800000e+03,9.16632321e-17,
8.28000000e+03,9.64005153e-17,
8.28200000e+03,9.69353438e-17,
8.28400000e+03,9.98547885e-17,
8.28600000e+03,9.38077872e-17,
8.28800000e+03,8.04012541e-17,
8.29000000e+03,7.79155234e-17,
8.29200000e+03,7.68423260e-17,
8.29400000e+03,7.97866854e-17,
8.29600000e+03,1.00917034e-16,
8.29800000e+03,8.72096917e-17,
8.30000000e+03,8.40026794e-17,
8.30200000e+03,7.75166040e-17,
8.30400000e+03,8.47510925e-17,
8.30600000e+03,8.33601122e-17,
8.30800000e+03,7.79743459e-17,
8.31000000e+03,7.27018172e-17,
8.31200000e+03,7.87501884e-17,
8.31400000e+03,7.80960208e-17,
8.31600000e+03,8.04172551e-17,
8.31800000e+03,6.33378548e-17,
8.32000000e+03,7.09222672e-17,
8.32200000e+03,8.34474029e-17,
8.32400000e+03,7.81924569e-17,
8.32600000e+03,7.23887592e-17,
8.32800000e+03,7.98175491e-17,
8.33000000e+03,8.94956880e-17,
8.33200000e+03,8.11369551e-17,
8.33400000e+03,9.48110183e-17,
8.33600000e+03,1.02966741e-16,
8.33800000e+03,9.29171784e-17,
8.34000000e+03,9.63776057e-17,
8.34200000e+03,7.40655734e-17,
8.34400000e+03,8.65151908e-17,
8.34600000e+03,9.59042268e-17,
8.34800000e+03,1.04106312e-16,
8.35000000e+03,7.72603170e-17,
8.35200000e+03,8.19531111e-17,
8.35400000e+03,8.82455667e-17,
8.35600000e+03,8.35973212e-17,
8.35800000e+03,7.84617935e-17,
8.36000000e+03,7.68575859e-17,
8.36200000e+03,9.37449082e-17,
8.36400000e+03,8.89094684e-17,
8.36600000e+03,9.64148289e-17,
8.36800000e+03,8.55256843e-17,
8.37000000e+03,9.24390746e-17,
8.37200000e+03,8.61665243e-17,
8.37400000e+03,8.67641788e-17,
8.37600000e+03,9.19983858e-17,
8.37800000e+03,6.56329038e-17,
8.38000000e+03,7.92219791e-17,
8.38200000e+03,7.43646157e-17,
8.38400000e+03,7.32465124e-17,
8.38600000e+03,9.27234130e-17,
8.38800000e+03,1.03472063e-16,
8.39000000e+03,9.03303794e-17,
8.39200000e+03,8.55362391e-17,
8.39400000e+03,9.41246304e-17,
8.39600000e+03,7.79372088e-17,
8.39800000e+03,9.84617171e-17,
8.40000000e+03,7.84415640e-17,
8.40200000e+03,6.60793497e-17,
8.40400000e+03,7.81164489e-17,
8.40600000e+03,7.79760995e-17,
8.40800000e+03,7.70363826e-17,
8.41000000e+03,9.65424860e-17,
8.41200000e+03,1.00801712e-16,
8.41400000e+03,7.73076317e-17,
8.41600000e+03,9.80548633e-17,
8.41800000e+03,9.20122891e-17,
8.42000000e+03,8.17573671e-17,
8.42200000e+03,9.54598124e-17,
8.42400000e+03,9.71800106e-17,
8.42600000e+03,8.40273492e-17,
8.42800000e+03,9.56291727e-17,
8.43000000e+03,6.86359466e-17,
8.43200000e+03,7.81763368e-17,
8.43400000e+03,8.07218693e-17,
8.43600000e+03,8.66197399e-17,
8.43800000e+03,9.16568595e-17,
8.44000000e+03,9.11507772e-17,
8.44200000e+03,9.86121779e-17,
8.44400000e+03,9.33412176e-17,
8.44600000e+03,8.39403894e-17,
8.44800000e+03,9.50766889e-17,
8.45000000e+03,8.82264025e-17,
8.45200000e+03,7.08820397e-17,
8.45400000e+03,8.98733456e-17,
8.45600000e+03,8.48781276e-17,
8.45800000e+03,9.09777773e-17,
8.46000000e+03,9.34315193e-17,
8.46200000e+03,8.13531735e-17,
8.46400000e+03,8.87178934e-17,
8.46600000e+03,9.10562536e-17,
8.46800000e+03,9.12599849e-17,
8.47000000e+03,1.06606912e-16,
8.47200000e+03,9.92633676e-17,
8.47400000e+03,8.93058004e-17,
8.47600000e+03,9.56761963e-17,
8.47800000e+03,8.79602754e-17,
8.48000000e+03,9.03535868e-17,
8.48200000e+03,7.94726876e-17,
8.48400000e+03,8.37168984e-17,
8.48600000e+03,7.37801431e-17,
8.48800000e+03,6.44460121e-17,
8.49000000e+03,6.25102705e-17,
8.49200000e+03,5.87533948e-17,
8.49400000e+03,7.09568433e-17,
8.49600000e+03,9.88029655e-17,
8.49800000e+03,9.20969990e-17,
8.50000000e+03,9.54305633e-17,
8.50200000e+03,9.29091514e-17,
8.50400000e+03,1.15512384e-16,
8.50600000e+03,9.23795573e-17,
8.50800000e+03,9.36452363e-17,
8.51000000e+03,8.59941862e-17,
8.51200000e+03,8.43882051e-17,
8.51400000e+03,9.81702252e-17,
8.51600000e+03,9.54558552e-17,
8.51800000e+03,9.52909750e-17,
8.52000000e+03,9.77694000e-17,
8.52200000e+03,8.45179666e-17,
8.52400000e+03,8.13857248e-17,
8.52600000e+03,6.02248631e-17,
8.52800000e+03,7.05917523e-17,
8.53000000e+03,5.50314460e-17,
8.53200000e+03,5.51921970e-17,
8.53400000e+03,4.70787000e-17,
8.53600000e+03,3.78479467e-17,
8.53800000e+03,5.28432092e-17,
8.54000000e+03,4.36330362e-17,
8.54200000e+03,7.62872217e-17,
8.54400000e+03,8.45885681e-17,
8.54600000e+03,9.42542199e-17,
8.54800000e+03,1.10763838e-16,
8.55000000e+03,9.72248107e-17,
8.55200000e+03,1.05466104e-16,
8.55400000e+03,8.87169206e-17,
8.55600000e+03,9.11513529e-17,
8.55800000e+03,9.63314821e-17,
8.56000000e+03,7.61388586e-17,
8.56200000e+03,1.00386705e-16,
8.56400000e+03,1.07929494e-16,
8.56600000e+03,1.11918993e-16,
8.56800000e+03,1.03810485e-16,
8.57000000e+03,8.66624025e-17,
8.57200000e+03,9.74848829e-17,
8.57400000e+03,8.92790130e-17,
8.57600000e+03,9.64486175e-17,
8.57800000e+03,8.41071622e-17,
8.58000000e+03,1.01918604e-16,
8.58200000e+03,9.47996231e-17,
8.58400000e+03,1.00382834e-16,
8.58600000e+03,8.66675112e-17,
8.58800000e+03,8.16511174e-17,
8.59000000e+03,8.65397747e-17,
8.59200000e+03,8.66890708e-17,
8.59400000e+03,9.04941811e-17,
8.59600000e+03,1.00130259e-16,
8.59800000e+03,9.98382846e-17,
8.60000000e+03,1.05422422e-16,
8.60200000e+03,1.05894266e-16,
8.60400000e+03,8.81266909e-17,
8.60600000e+03,9.42605263e-17,
8.60800000e+03,8.85838901e-17,
8.61000000e+03,8.82463409e-17,
8.61200000e+03,9.17263162e-17,
8.61400000e+03,9.43572138e-17,
8.61600000e+03,9.85772841e-17,
8.61800000e+03,1.10495382e-16,
8.62000000e+03,8.29221499e-17,
8.62200000e+03,7.98808251e-17,
8.62400000e+03,8.76577787e-17,
8.62600000e+03,1.00966003e-16,
8.62800000e+03,1.01634894e-16,
8.63000000e+03,8.41034035e-17,
8.63200000e+03,9.41736922e-17,
8.63400000e+03,8.88243681e-17,
8.63600000e+03,8.28472470e-17,
8.63800000e+03,9.63183399e-17,
8.64000000e+03,7.59334068e-17,
8.64200000e+03,7.49429804e-17,
8.64400000e+03,7.87947635e-17,
8.64600000e+03,7.66303494e-17,
8.64800000e+03,8.83368014e-17,
8.65000000e+03,8.54202949e-17,
8.65200000e+03,4.91895557e-17,
8.65400000e+03,4.99663048e-17,
8.65600000e+03,6.68774003e-17,
8.65800000e+03,8.65617380e-17,
8.66000000e+03,8.12240473e-17,
8.66200000e+03,9.40354339e-17,
8.66400000e+03,1.05506331e-16,
8.66600000e+03,1.11426933e-16,
8.66800000e+03,9.49921775e-17,
8.67000000e+03,9.40552995e-17,
8.67200000e+03,9.51184582e-17,
8.67400000e+03,9.72884308e-17,
8.67600000e+03,9.25020131e-17,
8.67800000e+03,8.84426805e-17,
8.68000000e+03,8.19131682e-17,
8.68200000e+03,8.16103870e-17,
8.68400000e+03,8.12031693e-17,
8.68600000e+03,9.01008137e-17,
8.68800000e+03,9.47384977e-17,
8.69000000e+03,9.67868021e-17,
8.69200000e+03,8.46087116e-17,
8.69400000e+03,8.86850973e-17,
8.69600000e+03,9.39001469e-17,
8.69800000e+03,7.70876678e-17,
8.70000000e+03,9.50173899e-17,
8.70200000e+03,7.90037291e-17,
8.70400000e+03,8.51349507e-17,
8.70600000e+03,8.50928108e-17,
8.70800000e+03,9.60763995e-17,
8.71000000e+03,7.86219290e-17,
8.71200000e+03,8.08438420e-17,
8.71400000e+03,9.70455441e-17,
8.71600000e+03,9.50269257e-17,
8.71800000e+03,1.07906809e-16,
8.72000000e+03,9.70465434e-17,
8.72200000e+03,9.86558530e-17,
8.72400000e+03,1.06989162e-16,
8.72600000e+03,1.13018164e-16,
8.72800000e+03,1.08774224e-16,
8.73000000e+03,1.03198908e-16,
8.73200000e+03,9.58033306e-17,
8.73400000e+03,9.96026374e-17,
8.73600000e+03,8.91044845e-17,
8.73800000e+03,8.57204556e-17,
8.74000000e+03,8.73159215e-17,
8.74200000e+03,8.52423187e-17,
8.74400000e+03,9.62785955e-17,
8.74600000e+03,9.11895620e-17,
8.74800000e+03,9.70825092e-17,
8.75000000e+03,9.69800910e-17,
8.75200000e+03,1.03906551e-16,
8.75400000e+03,8.95596258e-17,
8.75600000e+03,7.63301954e-17,
8.75800000e+03,7.63724014e-17,
8.76000000e+03,8.13193121e-17,
8.76200000e+03,6.28129260e-17,
8.76400000e+03,8.29343061e-17,
8.76600000e+03,1.08997483e-16,
8.76800000e+03,7.70478308e-17,
8.77000000e+03,1.11491572e-16,
8.77200000e+03,1.06173800e-16,
8.77400000e+03,8.76197417e-17,
8.77600000e+03,1.01050243e-16,
8.77800000e+03,1.01263378e-16,
8.78000000e+03,5.20533741e-17,
8.78200000e+03,7.31647605e-17,
8.78400000e+03,8.20820851e-17,
8.78600000e+03,8.82545134e-17,
8.78800000e+03,1.05570375e-16,
8.79000000e+03,1.01385880e-16,
8.79200000e+03,9.62701252e-17,
8.79400000e+03,9.20540915e-17,
8.79600000e+03,7.93553603e-17,
8.79800000e+03,7.80565875e-17,
8.80000000e+03,9.70771292e-17,
8.80200000e+03,8.10726865e-17,
8.80400000e+03,8.63629499e-17,
8.80600000e+03,9.32065129e-17,
8.80800000e+03,8.33534485e-17,
8.81000000e+03,1.04968743e-16,
8.81200000e+03,8.35543409e-17,
8.81400000e+03,9.43570947e-17,
8.81600000e+03,9.37742831e-17,
8.81800000e+03,9.42004597e-17,
8.82000000e+03,1.24989082e-16,
8.82200000e+03,1.21043629e-16,
8.82400000e+03,1.24240212e-16,
8.82600000e+03,7.51575775e-17,
8.82800000e+03,8.13915680e-17,
8.83000000e+03,5.52614750e-17,
8.83200000e+03,6.56054745e-17,
8.83400000e+03,8.23338789e-17,
8.83600000e+03,1.14716875e-16,
8.83800000e+03,1.03667026e-16,
8.84000000e+03,8.48971859e-17,
8.84200000e+03,9.24688729e-17,
8.84400000e+03,9.91726424e-17,
8.84600000e+03,8.21597805e-17,
8.84800000e+03,9.41960327e-17,
8.85000000e+03,8.21359114e-17,
8.85200000e+03,8.76667718e-17,
8.85400000e+03,7.75499625e-17,
8.85600000e+03,9.22707400e-17,
8.85800000e+03,9.36943509e-17,
8.86000000e+03,1.04097967e-16,
8.86200000e+03,9.80507605e-17,
8.86400000e+03,1.21286767e-16,
8.86600000e+03,8.91925561e-17,
8.86800000e+03,9.65039129e-17,
8.87000000e+03,9.08570883e-17,
8.87200000e+03,9.83478507e-17,
8.87400000e+03,7.92491371e-17,
8.87600000e+03,9.38170582e-17,
8.87800000e+03,8.67750844e-17,
8.88000000e+03,7.80361528e-17,
8.88200000e+03,7.33353516e-17,
8.88400000e+03,7.36593351e-17,
8.88600000e+03,7.97256527e-17,
8.88800000e+03,8.46538955e-17,
8.89000000e+03,9.28108625e-17,
8.89200000e+03,7.86930533e-17,
8.89400000e+03,8.51981870e-17,
8.89600000e+03,9.84097039e-17,
8.89800000e+03,8.09859914e-17,
8.90000000e+03,9.64033807e-17,
8.90200000e+03,7.81106520e-17,
8.90400000e+03,9.19889494e-17,
8.90600000e+03,1.03324335e-16,
8.90800000e+03,9.48791184e-17,
8.91000000e+03,8.21456390e-17,
8.91200000e+03,7.50548483e-17,
8.91400000e+03,9.57808710e-17,
8.91600000e+03,8.90025494e-17,
8.91800000e+03,8.76340883e-17,
8.92000000e+03,9.04336314e-17,
8.92200000e+03,6.99164023e-17,
8.92400000e+03,7.88160650e-17,
8.92600000e+03,8.16460550e-17,
8.92800000e+03,7.49085432e-17,
8.93000000e+03,8.33054058e-17,
8.93200000e+03,8.02047226e-17,
8.93400000e+03,7.55208091e-17,
8.93600000e+03,8.26008729e-17,
8.93800000e+03,9.44133628e-17,
8.94000000e+03,9.19853296e-17,
8.94200000e+03,1.04027537e-16,
8.94400000e+03,1.10136941e-16,
8.94600000e+03,8.51330051e-17,
8.94800000e+03,9.22484326e-17,
8.95000000e+03,1.04715725e-16,
8.95200000e+03,1.04659523e-16,
8.95400000e+03,9.64429530e-17,
8.95600000e+03,7.84326238e-17,
8.95800000e+03,5.92590073e-17,
8.96000000e+03,5.16370211e-17,
8.96200000e+03,6.47840577e-17,
8.96400000e+03,6.07515522e-17,
8.96600000e+03,7.02164108e-17,
8.96800000e+03,7.20795326e-17,
8.97000000e+03,7.46949255e-17,
8.97200000e+03,8.22480109e-17,
8.97400000e+03,7.83897163e-17,
8.97600000e+03,8.01220906e-17,
8.97800000e+03,7.97790025e-17,
8.98000000e+03,8.20034434e-17,
8.98200000e+03,8.37879962e-17,
8.98400000e+03,6.92570997e-17,
8.98600000e+03,8.06015509e-17,
8.98800000e+03,6.83882159e-17,
8.99000000e+03,5.80396438e-17,
8.99200000e+03,8.26060147e-17,
8.99400000e+03,7.13432360e-17,
8.99600000e+03,8.70285788e-17,
8.99800000e+03,7.75122894e-17,
9.00000000e+03,9.13995203e-17,
9.00200000e+03,7.84490152e-17,
9.00400000e+03,6.79133349e-17,
9.00600000e+03,8.13239972e-17,
9.00800000e+03,8.59057506e-17,
9.01000000e+03,8.87012241e-17,
9.01200000e+03,8.97799999e-17,
9.01400000e+03,6.96326331e-17,
9.01600000e+03,8.77023406e-17,
9.01800000e+03,8.60213773e-17,
9.02000000e+03,7.66358088e-17,
9.02200000e+03,8.40743794e-17,
9.02400000e+03,8.42286453e-17,
9.02600000e+03,7.88896709e-17,
9.02800000e+03,8.09713073e-17,
9.03000000e+03,8.25778244e-17,
9.03200000e+03,1.03017887e-16,
9.03400000e+03,8.86296895e-17,
9.03600000e+03,8.89688931e-17,
9.03800000e+03,8.84978567e-17,
9.04000000e+03,9.65912433e-17,
9.04200000e+03,8.29244197e-17,
9.04400000e+03,8.99699934e-17,
9.04600000e+03,9.61168255e-17,
9.04800000e+03,9.72392368e-17,
9.05000000e+03,7.67361491e-17,
9.05200000e+03,8.47739492e-17,
9.05400000e+03,1.03191933e-16,
9.05600000e+03,9.35123778e-17,
9.05800000e+03,1.13991047e-16,
9.06000000e+03,1.38090365e-16,
9.06200000e+03,1.50981201e-16,
9.06400000e+03,1.83363959e-16,
9.06600000e+03,2.53085636e-16,
9.06800000e+03,2.23602193e-16,
9.07000000e+03,2.03204766e-16,
9.07200000e+03,1.39078813e-16,
9.07400000e+03,9.62397048e-17,
9.07600000e+03,6.99132193e-17,
9.07800000e+03,7.99766788e-17,
9.08000000e+03,6.45893790e-17,
9.08200000e+03,7.43324351e-17,
9.08400000e+03,8.12805074e-17,
9.08600000e+03,8.29972248e-17,
9.08800000e+03,7.85174065e-17,
9.09000000e+03,8.04736953e-17,
9.09200000e+03,8.62736078e-17,
9.09400000e+03,8.84665893e-17,
9.09600000e+03,9.04712516e-17,
9.09800000e+03,6.71771640e-17,
9.10000000e+03,7.99169564e-17,
9.10200000e+03,6.65174047e-17,
9.10400000e+03,7.08789825e-17,
9.10600000e+03,7.41331640e-17,
9.10800000e+03,8.67076592e-17,
9.11000000e+03,9.00402376e-17,
9.11200000e+03,9.11745073e-17,
9.11400000e+03,9.28281075e-17,
9.11600000e+03,1.04409079e-16,
9.11800000e+03,9.45004087e-17,
9.12000000e+03,8.89388433e-17,
9.12200000e+03,9.07361215e-17,
9.12400000e+03,7.75127857e-17,
9.12600000e+03,7.08232967e-17,
9.12800000e+03,7.39143118e-17,
9.13000000e+03,6.81568833e-17,
9.13200000e+03,5.28511171e-17,
9.13400000e+03,6.30381573e-17,
9.13600000e+03,8.05713886e-17,
9.13800000e+03,6.07040389e-17,
9.14000000e+03,7.28476856e-17,
9.14200000e+03,7.73570706e-17,
9.14400000e+03,7.00871920e-17,
9.14600000e+03,8.42522960e-17,
9.14800000e+03,7.72622228e-17,
9.15000000e+03,6.33082219e-17,
9.15200000e+03,6.38300206e-17,
9.15400000e+03,6.26060713e-17,
9.15600000e+03,6.84198870e-17,
9.15800000e+03,7.18177001e-17,
9.16000000e+03,8.58044773e-17,
9.16200000e+03,6.10214844e-17,
9.16400000e+03,4.58291808e-17,
9.16600000e+03,6.73713396e-17,
9.16800000e+03,5.81540528e-17,
9.17000000e+03,4.78205718e-17,
9.17200000e+03,5.82507999e-17,
9.17400000e+03,6.25473613e-17,
9.17600000e+03,6.89490047e-17,
9.17800000e+03,7.12642965e-17,
9.18000000e+03,7.72454806e-17,
9.18200000e+03,6.42895161e-17,
9.18400000e+03,6.40788366e-17,
9.18600000e+03,5.58048003e-17,
9.18800000e+03,5.99871843e-17,
9.19000000e+03,6.14898274e-17,
9.19200000e+03,5.87177003e-17,
9.19400000e+03,6.05201401e-17,
9.19600000e+03,5.31658692e-17,
9.19800000e+03,5.32993398e-17,
9.20000000e+03,5.71675572e-17,
